age,city,educ,exper,expersq,faminc,fatheduc,hours,husage,huseduc,hushrs,huswage,inlf,kidsge6,kidslt6,lwage,motheduc,mtr,nwifeinc,repwage,unem,wage
32,0,12,14,196,16310,7,1610,34,12,2708,4.0288,1,0,1,1.210153699,12,0.7215,10.91006,2.65,5,3.354
30,1,12,5,25,21800,7,1656,30,9,2310,8.4416,1,2,0,0.3285121,7,0.6615,19.49998,2.65,11,1.3889
35,0,12,15,225,21040,7,1980,40,12,3072,3.5807,1,3,1,1.514137745,12,0.6915,12.03991,4.04,5,4.5455
34,0,12,6,36,7300,7,456,53,10,1920,3.5417,1,3,0,0.09212332,7,0.7815,6.799996,3.25,5,1.0965
31,1,14,7,49,27300,14,1568,32,12,2000,10,1,2,1,1.524272203,12,0.6215,20.1000576,3.6,9.5,4.5918
54,1,12,33,1089,19495,7,2032,57,11,1040,6.7106,1,0,0,1.55648,14,0.6915,9.859054,4.7,7.5,4.7421
37,0,16,11,121,21152,7,1440,37,12,2670,3.4277,1,2,0,2.120259523,14,0.6915,9.152048,5.95,5,8.3333
54,0,12,35,1225,18900,3,1020,53,8,4120,2.5485,1,0,0,2.059634209,3,0.6915,10.90003777,9.98,5,7.8431
48,0,12,24,576,20405,7,1458,52,4,1995,4.2206,1,2,0,0.7543364,7,0.7515,17.305,0,3,2.1262
39,0,12,21,441,20425,7,1600,43,12,2100,5.7143,1,2,0,1.544899344,7,0.6915,12.925,4.15,5,4.6875
33,0,12,15,225,32300,3,1969,34,12,2450,9.7959,1,1,0,1.40192163,12,0.5815,24.29995346,4.3,5,4.063
42,0,11,14,196,28700,7,1960,47,14,2375,8,1,1,0,1.524272203,14,0.6215,19.70007133,4.58,5,4.5918
30,0,12,0,0,15500,16,240,33,16,2830,5.3004,1,2,1,0.7339532,16,0.7215,15.00000763,0,5,2.0833
43,1,12,14,196,16860,10,997,46,12,3317,4.3413,1,2,0,0.8183691,10,0.7215,14.6,3.5,7.5,2.2668
43,1,10,6,36,31431,7,1848,45,17,2024,10.87,1,1,0,1.302831173,7,0.5815,24.63091469,3.38,7.5,3.6797
35,1,11,9,81,19180,10,1224,38,12,1694,9.1499,1,3,0,0.29802838,16,0.7215,17.53102684,0,7.5,1.3472
43,1,12,20,400,18600,7,1400,45,12,2156,6.1224,1,2,0,1.167609572,10,0.6915,14.09998,4,7.5,3.2143
39,1,12,6,36,19151,12,640,40,12,2250,6.1498,1,5,0,1.643839359,12,0.7215,15.839,2.25,7.5,5.175
45,1,12,23,529,18100,7,2000,51,11,2024,6.917,1,0,0,0.6931472,7,0.6915,14.1,2.3,5,2
35,0,12,9,81,20300,7,1324,40,10,2123,4.7103,1,4,0,2.021931648,12,0.6915,10.29996109,3.94,5,7.5529
42,0,16,5,25,30419,16,2215,48,16,4160,3.131,1,2,0,1.254247546,10,0.6215,22.65498161,3.3,7.5,3.5052
30,0,12,11,121,14090,10,1680,35,12,2000,4,1,0,0,1.272957683,12,0.7215,8.090048,3.8,3,3.5714
48,1,13,18,324,22679,3,1600,52,17,2420,7.2227,1,0,0,1.178655,7,0.6615,17.479,3.26,5,3.25
45,0,12,15,225,12160,7,800,53,17,1150,7.9652,1,0,0,1.178655,7,0.7215,9.56,2.2,11,3.25
31,1,12,4,16,12487,7,1955,31,12,2024,4.0884,1,1,1,0.7675587,12,0.7515,8.274953,2.3,5,2.1545
43,1,17,21,441,29850,14,660,43,17,1904,14.181,1,2,0,1.331811786,16,0.5815,27.34998512,0,9.5,3.7879
59,1,12,31,961,18100,7,525,53,16,2448,6.5359,1,0,0,1.386294365,3,0.6915,16,3.18,9.5,4
32,1,12,9,81,26000,7,1904,33,13,2000,8.5,1,3,0,1.553269625,3,0.6615,16.99998283,6.07,11,4.7269
31,0,17,7,49,26100,12,1516,30,17,2390,6.2762,1,0,1,1.981814861,12,0.6215,15.10005569,6,5,7.2559
42,0,12,7,49,17730,12,346,47,10,1920,5.2083,1,0,0,1.769360423,12,0.7215,15.6999836,6.39,9.5,5.8671
50,1,11,32,1024,6719,7,1040,53,10,1840,2.7821,1,0,0,0.4308079,7,0.7515,5.11896,0,7.5,1.5385
59,1,16,11,121,18550,3,732,57,17,3360,4.9107,1,0,0,0.8997548,3,0.6915,16.75001144,2.5,14,2.459
36,0,13,16,256,24600,10,1880,35,13,2284,5.8669,1,2,0,1.766629696,12,0.6615,13.59993172,5.2,7.5,5.8511
51,1,12,14,196,23100,14,1680,50,8,1875,7.52,1,1,0,1.272957683,7,0.6915,17.10004807,3.29,5,3.5714
45,1,16,27,729,24656,12,2081,47,17,2140,7.5449,1,3,0,1.336788893,12,0.6615,16.73404884,4.19,5,3.8068
42,0,11,0,0,15897,3,690,44,8,1896,5.538,1,1,0,0.9017048,10,0.7515,14.19697762,0,7.5,2.4638
46,1,12,17,289,20320,3,4210,49,16,1040,6.9231,1,0,0,0.8651237,3,0.6915,10.3199873,4.63,11,2.3753
46,0,10,28,784,21384,3,2205,52,12,2200,5,1,1,0,1.511847138,10,0.6615,11.38410473,4.55,11,4.5351
51,0,14,24,576,25561,7,1952,58,12,1952,7.3064,1,0,0,1.726029158,7,0.6215,14.59407806,5.6,14,5.6183
30,1,17,11,121,36550,17,1302,30,17,1560,11.218,1,0,0,2.683142424,14,0.58,17.50043869,9.53,5,14.631
30,0,12,1,1,15810,12,112,33,16,4030,3.8462,1,2,1,0.9852943,12,0.7215,15.50999641,0,3,2.6786
57,1,12,14,196,25500,9,893,58,12,2570,5.8366,1,0,0,1.365938544,9,0.6215,21.9999752,3.5,7.5,3.9194
31,1,16,6,36,24000,16,583,34,16,1530,13.725,1,2,1,0.9450337,14,0.6615,22.5,9.98,9.5,2.5729
48,0,12,10,100,22172,3,480,48,8,3149,6.3493,1,2,0,1.512376189,3,0.6615,19.994,4.65,5,4.5375
30,0,12,6,36,17930,7,1900,32,12,2690,5.2528,1,3,0,0.6931472,12,0.7215,14.13,2.23,5,2
34,0,12,4,16,7000,7,576,33,12,3096,1.3075,1,2,0,1.244788408,12,0.7815,5.000013,3.84,3,3.4722
48,1,16,10,100,25300,16,2056,53,16,2552,2.7998,1,2,0,0.7011649,14,0.7215,21.15489769,0,5,2.0161
45,0,12,22,484,16212,10,1984,47,11,2040,2.6961,1,0,0,1.519863248,10,0.7215,7.141946,4.82,11,4.5716
51,0,12,16,256,22650,7,2640,50,13,2180,7.5688,1,0,0,0.8209686,7,0.6615,16.6500721,0,3,2.2727
30,0,12,6,36,6985,7,240,37,12,1864,3.4077,1,2,0,0.9698315,12,0.7815,6.352,0,14,2.6375
46,1,12,12,144,30000,7,1173,46,12,2068,6.5401,1,1,0,0.8285082,7,0.6915,27.31394768,2.5,11,2.2899
58,1,12,32,1024,18500,3,3640,58,12,2010,7.2139,1,0,0,0.09430964,7,0.6915,14.50000381,0,9.5,1.0989
37,0,12,15,225,16658,7,340,40,10,2152,6.2732,1,8,0,0.1625439,12,0.7515,16.25799,0,5,1.1765
52,1,8,17,289,10300,7,500,54,11,1496,5.8824,1,0,0,0.470003635,7,0.7515,9.5,0,5,1.6
52,0,10,34,1156,11000,3,1599,47,4,2100,3.8095,1,0,0,0.62924844,7,0.7515,7.999956,2.8,7.5,1.8762
31,1,16,9,81,19900,12,1830,35,14,1960,6.3776,1,0,0,1.397160172,12,0.6915,12.50002861,4.2,7.5,4.0437
55,1,14,37,1369,32500,7,1920,55,15,1985,6.0453,1,0,0,2.265443802,7,0.64,14.00003242,8.75,14,9.6354
34,1,17,10,100,37300,17,2052,33,17,2020,8.8119,1,0,0,2.084541,17,0.58,20.80007362,8.25,7.5,8.0409
55,1,14,35,1225,30018,7,2312,56,16,2178,8.8765,1,0,0,1.525838852,17,0.5815,19.38511276,5.58,11,4.599
39,1,12,6,36,12807,7,196,39,12,3684,3.342,1,2,0,0.7621601,12,0.7515,12.3869915,2.5,14,2.1429
40,0,14,19,361,39500,3,2500,42,13,5010,3.1836,1,3,0,1.481604576,14,0.5515,28.5,5.5,7.5,4.4
43,1,12,10,100,22050,12,1980,47,12,1880,6.9149,1,4,0,1.262826443,12,0.6915,15.04990864,3.75,9.5,3.5354
48,1,8,11,121,15500,7,1840,56,8,1904,5.5147,1,0,0,0.9996756,7,0.7215,10.49998379,4.8,14,2.7174
47,1,12,15,225,13810,7,320,47,12,2083,5.2808,1,0,0,1.83258152,7,0.7215,11.81,6.25,9.5,6.25
41,1,12,12,144,11950,7,419,44,12,2125,3.2,1,4,0,2.479307652,7,0.7515,6.950073,6.3,5,11.933
36,0,8,12,144,19175,12,1880,37,12,1985,5.8791,1,0,0,1.279015303,12,0.6915,12.41997147,3.75,7.5,3.5931
46,0,17,14,196,17900,16,72,48,17,2640,6.25,1,2,0,1.937935591,12,0.6915,17.40000343,0,7.5,6.9444
34,1,12,11,121,15850,7,120,51,8,2070,7.4879,1,0,0,1.070452809,12,0.7215,15.49999619,0,5,2.9167
41,1,12,9,81,27017,7,1885,48,8,2107,6.9767,1,3,0,1.123922586,7,0.6915,21.21704292,2.9,5,3.0769
51,0,12,24,576,18900,7,240,54,10,2250,8,1,1,0,1.321755886,12,0.6915,18,0,5,3.75
33,1,12,12,144,21800,12,1729,34,16,2880,4.1319,1,0,0,1.744999766,12,0.6915,11.89991856,4.76,7.5,5.7259
52,1,12,13,169,33552,10,1850,53,12,1848,14.476,1,0,0,1.301743627,10,0.5515,26.75195503,3.4,7.5,3.6757
58,1,9,29,841,22650,9,2033,53,7,1927,5.7343,1,0,0,1.641866446,7,0.6615,12.14996147,4.32,7.5,5.1648
34,1,10,11,121,15200,0,608,38,9,1304,3.3742,1,4,2,2.10702014,0,0.7915,10.19999,3,7.5,8.2237
31,1,12,13,169,13120,10,1153,35,12,3000,1.8333,1,1,0,1.467067599,7,0.7215,8.120015,4.52,7.5,4.3365
48,1,12,19,361,21660,14,2208,52,12,1892,5.6025,1,1,0,1.605811357,12,0.6615,10.65996456,5.31,5,4.9819
32,0,12,2,4,18190,7,252,32,12,3644,4.2975,1,2,0,-1.02973938,7,0.7215,18.10001,0,3,0.3571
49,1,17,24,576,9600,3,337,47,17,1430,3.9161,1,0,0,1.087686181,3,0.7515,8.599986,0,14,2.9674
32,1,15,9,81,13755,12,90,31,14,2350,4.8787,1,2,2,0,10,0.7515,13.665,0,7.5,1
58,1,12,6,36,35350,12,1174,59,16,1948,9.2402,1,0,0,0.9382087,7,0.6615,32.34996,4.87,7.5,2.5554
50,1,6,22,484,12405,7,372,42,12,1804,6.6519,1,0,0,-0.150590375,12,0.7215,12.08500576,2.25,7.5,0.8602
60,0,14,30,900,12180,17,30,51,12,2326,4.6217,1,0,0,0,12,0.7515,12.15,0,9.5,1
50,1,12,10,100,22962,3,1800,55,11,1739,9.9741,1,1,0,1.073670506,7,0.6615,17.69502,0,7.5,2.9261
56,1,14,6,36,25700,7,282,57,17,1176,20.918,1,0,0,1.265848398,7,0.6215,24.7,2.5,9.5,3.5461
51,0,9,29,841,3305,7,720,55,8,1100,1.94,1,0,0,0.486369,7,0.7915,2.133992,2.2,3,1.6264
54,1,17,29,841,32950,12,1440,58,17,1528,8.8351,1,1,0,2.120259523,7,0.5815,20.95004845,6,5,8.3333
59,1,13,36,1296,17000,7,2100,52,15,2250,4.6667,1,0,0,1.129852533,7,0.6915,10.50008,2.95,5,3.0952
46,1,9,19,361,13250,7,1000,47,10,1927,5.1894,1,2,0,0.9932518,7,0.7515,10.55,2.35,5,2.7
46,1,15,8,64,50750,12,952,47,16,2414,18.724,1,1,0,1.658628,7,0.4415,45.75,0,5,5.2521
39,0,12,13,169,15632,10,1413,49,8,768,10.417,1,3,1,0.3474122,10,0.7715,13.63204,2.2,14,1.4154
44,1,12,16,256,28316,0,2100,43,14,1984,8.8458,1,2,0,1.568324208,7,0.6215,18.23894,4.85,11,4.7986
33,1,12,11,121,17290,12,120,36,12,2246,7.569,1,0,2,0.5108456,12,0.7215,17.08999634,2.37,9.5,1.6667
33,1,12,15,225,33600,10,3000,30,17,3024,4.4507,1,2,1,0.114845432,10,0.6215,30.2349,0,7.5,1.1217
48,1,12,6,36,29200,7,1000,52,12,2921,9.3204,1,2,0,-0.6931472,12,0.6215,28.7,0,9,0.5
31,0,12,13,169,19870,7,336,37,17,2045,9.1687,1,4,0,-0.336452276,7,0.6915,19.62999535,0,11,0.7143
45,0,12,22,484,16225,7,1216,44,12,1928,6.4834,1,1,0,1.028225541,7,0.7215,12.82494259,2.9,11,2.7961
45,1,12,24,576,28600,3,988,44,10,1920,7.8125,1,1,0,1.580688596,7,0.6915,23.8,4.5,5,4.8583
32,1,13,2,4,30800,12,2581,37,17,2280,11.404,1,2,0,0.5558946,14,0.5815,26.30002594,2.6,7.5,1.7435
47,0,12,6,36,25700,7,2030,47,17,2300,5.087,1,0,0,0.9014207,7,0.6915,20.6999073,2.8,3,2.4631
34,0,13,2,4,27000,12,413,35,13,2480,6.9758,1,2,0,0.8843046,12,0.6215,26.00000381,3,3,2.4213
37,1,12,2,4,12077,7,782,34,10,1135,5.2863,1,1,0,0.4282046,12,0.7715,10.87702084,2.3,9.5,1.5345
36,0,12,14,196,29612,7,1388,39,12,1384,11.562,1,1,0,1.058415,7,0.6615,25.61206245,1.87,11,2.8818
47,1,12,9,81,24479,10,1450,50,14,1848,8.6061,1,2,1,0.8783396,7,0.6915,20.9889946,3,9.5,2.4069
48,1,16,11,121,79750,14,1720,46,17,2499,12.805,1,1,0,1.654908299,14,0.4415,70.74993,4.68,7.5,5.2326
42,0,12,9,81,20050,7,800,43,12,2390,6.6946,1,2,0,1.321755886,12,0.6915,17.05,2.5,11,3.75
33,1,13,6,36,21500,12,360,44,14,2400,8.3333,1,3,0,0.3285121,10,0.6915,20.99999619,0,11,1.3889
46,0,11,19,361,16120,7,2000,53,8,1920,4.1667,1,0,0,1.386294365,7,0.6915,8.12,4.61,5,4
47,0,12,26,676,24686,7,1176,48,13,2301,5.4759,1,3,0,1.172884583,7,0.7215,20.88599,3.35,9.5,3.2313
44,1,12,19,361,24669,10,2058,43,10,1944,5.144,1,1,0,1.224187136,7,0.6915,17.66891861,3.8,9.5,3.4014
36,1,12,3,9,26400,7,900,37,17,2100,11.667,1,4,0,0.287657082,7,0.6615,25.20003,2.2,7.5,1.3333
31,1,17,7,49,16245,12,215,32,16,1920,7.2917,1,0,2,2.230261803,12,0.7215,14.24500561,9.98,7.5,9.3023
55,1,14,28,784,23300,7,2000,55,14,2880,4.8611,1,0,0,1.504077435,7,0.6615,14.3,4.37,9.5,4.5
45,1,16,13,169,27200,7,757,48,16,1932,12.164,1,1,0,1.531152,12,0.6215,23.70001,4.5,9.5,4.6235
47,1,17,9,81,51000,17,1264,48,17,3234,10.823,1,0,0,1.375157595,10,0.4615,45.99999619,0,9.5,3.9557
46,1,12,15,225,55000,7,2064,47,12,2805,12.478,1,3,0,1.760268807,10,0.4615,42.99990463,6,14,5.814
49,1,11,20,400,15389,7,1280,52,9,2272,6.162,1,0,0,-0.6931472,7,0.7215,14.749,0,7.5,0.5
49,1,12,29,841,23150,7,1715,52,14,2227,7.1846,1,0,0,1.406489134,7,0.6615,16.15005493,3.75,9.5,4.0816
45,1,12,9,81,29774,10,2000,49,6,1720,7.093,1,2,0,1.791759491,7,0.6215,17.774,4.95,14,6
38,1,17,1,1,91044,10,12,38,13,2300,17.826,1,3,1,1.299292088,12,0.4415,91,0,14,3.6667
47,1,10,8,64,28200,12,1528,50,12,3410,6.393,1,0,0,1.351003885,7,0.5815,22.29993439,2.95,14,3.8613
54,1,13,19,361,36150,7,561,57,16,2304,11.719,1,3,0,1.01628089,7,0.5515,34.60001373,2.53,9.5,2.7629
41,0,11,23,529,15652,12,2058,42,12,1984,4.7883,1,0,0,1.075343609,12,0.7215,9.620002,2.9,7.5,2.931
43,0,12,3,9,18900,7,1823,33,14,1890,4.2328,1,2,0,1.478964686,14,0.7515,10.89994621,4.2,11,4.3884
31,0,16,13,169,23600,10,1680,32,12,1970,7.1066,1,1,1,1.689486742,12,0.6615,14.49994373,4.7,7.5,5.4167
47,1,17,8,64,36200,7,1440,46,12,2400,8.3333,1,0,0,2.288597822,7,0.61,22.00001526,7.1,7.5,9.8611
35,0,12,17,289,18700,10,4950,37,12,2504,6.9888,1,2,0,-1.822631121,10,0.6915,17.90008,2.75,7.5,0.1616
45,1,16,4,16,24125,7,1176,48,17,2398,9.5913,1,3,0,-0.9607652,7,0.6615,23.67506218,3.75,11,0.3826
33,0,12,15,225,15800,7,1100,39,12,1960,6.0204,1,0,1,1.290994167,7,0.7215,11.79996,3.58,7.5,3.6364
54,0,16,11,121,19742,7,1516,55,12,2550,2.9686,1,1,0,0.8648711,12,0.7215,16.14195442,2.4,3,2.3747
35,0,8,7,49,22600,7,900,41,12,2500,7,1,4,0,1.540452123,10,0.6915,18.39997,3.95,9.5,4.6667
31,0,12,0,0,17500,7,1080,37,10,2164,7.1627,1,2,1,0.6162121,7,0.7215,15.49994755,2.25,7.5,1.8519
55,0,12,0,0,19820,7,480,60,12,2640,4.7364,1,0,0,1.648658633,7,0.6915,17.324,0,7.5,5.2
34,1,12,10,100,20155,16,288,36,12,1936,8.781,1,2,0,1.193498135,12,0.6915,19.20500374,4.62,11,3.2986
38,1,13,8,64,37300,12,1875,41,12,2136,9.8315,1,1,0,2.143976212,10,0.58,21.30006218,8.5,7.5,8.5333
45,1,11,2,4,24860,7,630,51,10,1955,6.6496,1,1,0,0.7244036,7,0.7215,23.55999565,0,7.5,2.0635
47,1,12,4,16,21450,3,234,48,10,1980,9.8485,1,1,0,0.9416075,12,0.6615,20.85,2.5,7.5,2.5641
39,1,12,6,36,29650,7,1600,42,11,2550,9.8039,1,2,0,0.7827594,7,0.6215,26.15,0,5,2.1875
36,1,14,18,324,23000,7,960,37,13,2058,8.2604,1,0,1,1.83258152,7,0.6615,17,0,11,6.25
33,1,12,3,9,21120,7,120,32,14,2263,9.0676,1,2,1,1.203962803,7,0.6915,20.72000313,0,9,3.3333
50,1,12,22,484,26000,12,2025,54,13,1763,8.5082,1,0,0,1.491644859,7,0.6215,17.00009,4.8,5,4.4444
58,1,12,33,1089,28000,7,1809,59,14,2096,7.1565,1,0,0,1.89213264,3,0.6215,15.99999809,6.45,7.5,6.6335
49,1,17,28,784,45500,12,3087,47,13,2059,7.0423,1,0,0,2.130895,12,0.52,19.50005,9.98,11,8.4224
41,1,14,23,529,16000,12,910,40,17,1820,6.5934,1,2,0,1.480604,16,0.7215,12.00000381,0,14,4.3956
51,0,12,27,729,18232,14,1840,53,8,2832,4.3457,1,1,0,0.8943313,7,0.6915,13.73191166,2.5,11,2.4457
53,1,9,11,121,28160,7,784,60,10,1990,7.2362,1,0,0,0.202532545,3,0.7215,27.19999,2.25,14,1.2245
36,1,12,6,36,5965,7,400,40,7,2000,1.74,1,2,1,0.4855078,12,0.8015,5.315,0,11,1.625
46,1,12,11,121,19000,7,1000,46,12,1885,6.8966,1,2,0,1.098612309,7,0.7215,16,5.5,9.5,3
36,1,12,14,196,36872,12,1904,37,12,2860,5.0455,1,2,0,1.553269625,12,0.5515,27.87198257,4.2,11,4.7269
53,1,14,17,289,42000,12,1771,48,16,1913,17.25,1,1,0,0.121597968,12,0.4915,40.00001,9.98,14,1.1293
40,1,16,17,289,26900,14,1486,54,16,1800,8.3333,1,3,0,2.001804352,16,0.6215,15.90003395,6.25,11,7.4024
42,0,17,14,196,30800,10,740,45,16,2880,9.375,1,2,0,1.495036602,12,0.5815,27.49997,1.65,9,4.4595
33,1,15,11,121,21520,12,1820,32,16,1993,8.279,1,1,1,0.9052298,12,0.6915,17.02005,0,11,2.4725
43,1,12,7,49,24795,7,1275,47,14,2250,4.5,1,3,0,0.632547557,7,0.6915,22.39494,3,7.5,1.8824
31,1,16,8,64,12900,16,450,30,16,2286,4.1995,1,0,1,1.386294365,14,0.7215,11.1,4,14,4
47,1,17,6,36,42700,7,1221,47,16,1880,16.064,1,0,0,2.102913857,7,0.4915,32.70001221,5.99,7.5,8.19
54,1,17,8,64,38800,17,1550,58,17,2350,11.277,1,0,0,1.959644,10,0.5215,27.79996,6,11,7.0968
33,0,12,4,16,2500,3,180,33,11,3640,0.5494,1,3,1,0.5108456,7,0.9415,2.199994,0,3,1.6667
43,1,16,25,625,26921,10,2090,47,14,1770,9.548,1,0,0,1.236924,14,0.6215,19.72095,3.85,11,3.445
46,0,13,24,576,18300,9,1960,49,13,1875,5.3333,1,1,0,1.443312526,7,0.6915,9.999988,4.2,3,4.2347
35,1,12,11,121,17200,7,1440,38,9,2200,5.4545,1,3,0,1.021659255,7,0.7215,13.19996834,4.1,14,2.7778
37,1,11,19,361,14209,3,794,39,12,2033,5.9026,1,3,0,0.63615346,12,0.7515,12.70897484,3.85,9.5,1.8892
37,1,16,9,81,32300,16,993,39,17,2739,9.8576,1,2,0,1.61645329,12,0.5815,27.30004692,8.3,14,5.0352
34,1,14,19,361,21400,12,160,38,14,1626,11.685,1,3,0,0.223143548,17,0.7215,21.2,0,7.5,1.25
43,0,16,14,196,14700,7,105,44,17,2248,6.2278,1,0,1,1.049807072,7,0.7215,14.40000439,0,9.5,2.8571
46,1,12,22,484,25516,7,1200,48,12,2140,9.1748,1,0,0,1.415052,7,0.6215,20.57596,4.33,9.5,4.1167
35,1,9,6,36,13300,7,450,42,12,1985,6.2972,1,3,0,0.5753766,3,0.7515,12.49999,2.6,5,1.7778
46,1,17,23,529,31000,12,996,59,17,1528,10.471,1,0,0,2.606681585,12,0.5815,17.50021553,9.98,9.5,13.554
46,1,14,15,225,48800,3,1052,48,16,1920,14.583,1,0,0,1.517914534,7,0.4915,44.00004,4.9,11,4.5627
43,1,12,6,36,15519,7,1128,46,10,1918,6.2143,1,2,0,0.7550416,7,0.7215,13.11895466,2.4,14,2.1277
30,0,12,11,121,19500,7,1840,30,12,2112,6.6288,1,0,0,1.094972372,7,0.6915,14.00005627,3.75,7.5,2.9891
41,0,11,2,4,14545,7,1910,46,9,2144,3.8246,1,2,0,0.9421144,3,0.7215,9.645086,2.57,5,2.5654
54,1,12,22,484,22897,7,980,54,15,1920,7.8125,1,1,0,1.724942803,7,0.6915,17.39704514,5,14,5.6122
31,1,12,10,100,14300,10,2317,41,9,2241,3.4806,1,1,0,1.031546116,10,0.7215,7.799889,3.87,7.5,2.8054
44,1,10,14,196,14884,10,1089,47,11,880,5.55,1,0,0,0.4743691,10,0.7515,13.13397694,0,9.5,1.607
32,1,12,12,144,27400,7,800,31,16,2070,11.594,1,1,0,0.8109302,12,0.6215,25.6,0,11,2.25
47,1,5,9,81,16400,12,1230,53,5,1050,9.5238,1,0,0,0.7092666,7,0.7215,13.90002537,2.82,14,2.0325
46,0,17,13,169,25704,17,1158,57,17,2635,7.2805,1,1,0,1.710549474,14,0.6215,19.29794312,8.1,7.5,5.532
37,0,11,18,324,12800,10,2272,47,8,3000,3,1,0,0,0.4602689,10,0.7215,9.200016,3.71,7.5,1.5845
51,0,12,8,64,40000,7,528,50,11,2500,10.4,1,2,0,1.331811786,7,0.6215,37.99999,0,7.5,3.7879
49,1,12,11,121,47000,7,1000,49,12,1990,10.05,1,1,0,1.098612309,7,0.6615,44,0,14,3
36,1,14,9,81,25872,12,520,37,13,2390,8.7866,1,4,0,2.157998562,10,0.6615,21.37202454,0,9.5,8.6538
39,1,11,9,81,26868,7,760,44,12,1430,10.14,1,1,0,1.437581301,12,0.6915,23.66802,3.95,9.5,4.2105
48,1,12,14,196,18000,12,1920,50,8,1800,5,1,2,0,1.544899344,12,0.6915,9,4.3,9.5,4.6875
38,1,14,9,81,30200,7,1220,43,17,2103,11.888,1,2,0,1.410596728,7,0.5815,25.19995,4.84,5,4.0984
40,1,12,2,4,26220,7,200,42,12,1350,13.333,1,2,0,3.218876,7,0.6615,21.22,3,7.5,25
39,0,10,12,144,40500,7,2480,36,17,2880,8.6806,1,5,1,0.9681619,7,0.5815,33.96991348,4.2,3,2.6331
37,1,16,15,225,33570,7,2750,43,17,2400,7.2917,1,0,0,1.791759491,12,0.61,17.07,9,7.5,6
49,1,13,11,121,16917,14,2014,47,12,1135,3.5242,1,1,0,1.688729525,7,0.7215,6.016023636,4.05,14,5.4126
33,0,12,7,49,18000,7,1355,35,17,2750,6.1818,1,3,0,-0.409171969,12,0.7215,17.10001,1,9.5,0.6642
30,1,12,9,81,8337,12,80,32,16,2085,2.9755,1,0,0,0.223143548,12,0.7515,8.237,0,11,1.25
54,0,12,19,361,17100,7,1670,56,8,2600,4.5769,1,0,0,0.8221558,12,0.7215,13.30008221,2.1,9.5,2.2754
39,0,11,11,121,17800,7,520,40,12,3542,3.1056,1,4,0,1.241702,10,0.7515,16.00002098,3.05,11,3.4615
43,1,12,8,64,13740,12,288,43,12,1975,5.8228,1,3,0,1.427124381,12,0.7515,12.53999,3,14,4.1667
31,1,9,13,169,27000,3,2014,32,12,2400,7.5,1,3,0,1.497097492,10,0.6215,18.00003815,4.26,9.5,4.4687
33,1,13,4,16,32600,7,800,37,14,3000,8.3333,1,3,0,0.5596158,12,0.6215,31.2,0,7.5,1.75
40,1,12,7,49,28030,12,1984,39,14,1960,9.2347,1,3,0,1.300028205,12,0.6615,20.74991,4.25,14,3.6694
36,0,12,19,361,23100,12,1823,39,9,2000,5.5,1,1,0,1.884429812,12,0.6615,11.09992,6,3,6.5826
51,1,12,14,196,24580,7,1500,51,12,3000,6,1,0,0,0.9555114,7,0.6615,20.68,2,9.5,2.6
44,1,13,14,196,29000,7,2261,43,12,2400,6.6667,1,1,0,1.582087278,12,0.6215,18.00001,5.5,9.5,4.8651
42,1,16,3,9,42430,14,1728,48,14,2450,13.061,1,3,0,1.755614,12,0.5215,32.43006516,6.25,9.5,5.787
40,1,12,9,81,41800,12,1960,40,8,2423,12.794,1,1,0,1.513103247,12,0.5215,32.90003204,5,7.5,4.5408
34,1,16,7,49,39100,17,1578,33,16,2000,12,1,1,1,2.251891613,12,0.58,24.1000061,7.72,9.5,9.5057
30,1,17,7,49,31800,17,1316,41,16,2526,6.73,1,0,0,2.364432335,16,0.5815,17.80039215,7,11,10.638
54,0,12,14,196,22200,7,1530,53,12,2695,6.679,1,0,0,0.105350479,7,0.6915,20.50001717,1.13,14,1.1111
51,0,12,29,841,19500,7,2220,54,12,2048,4.3945,1,0,0,1.399728775,16,0.6915,10.49989796,4.37,3,4.0541
44,0,9,19,361,14027,10,1336,46,11,1920,4.6875,1,2,0,0.9884625,7,0.7515,10.43703461,2.64,11,2.6871
43,1,12,14,196,21195,7,1008,42,9,2338,7.6989,1,1,0,1.09064734,7,0.6615,18.19499,2.5,11,2.9762
34,0,12,16,256,19013,7,1944,37,8,2945,4.3287,1,1,0,1.154614449,10,0.6915,12.84507656,3.23,7.5,3.1728
45,1,13,10,100,20900,7,2000,52,12,2047,6.7416,1,0,0,1.266947627,12,0.6615,13.8,3.45,11,3.55
39,0,12,12,144,26820,3,258,47,7,1668,9.3525,1,0,0,2.885191679,10,0.6215,22.19999504,0,11,17.907
50,1,12,24,576,12800,0,1785,48,10,175,9.1429,1,0,0,1.22888,0,0.7515,6.699941,5.75,14,3.4174
52,0,12,6,36,7850,7,480,53,12,1798,2.6418,1,0,0,1.203962803,7,0.7515,6.250016,0,14,3.3333
41,1,12,9,81,18600,12,772,45,12,1222,7.365,1,2,0,1.357380271,12,0.7215,15.60000801,7.5,7.5,3.886
59,0,10,14,196,5380,7,900,59,7,1820,1.4066,1,0,0,0.8377236,12,0.7715,3.30001,2.22,5,2.3111
52,0,12,26,676,6114,7,1428,60,8,1560,1.5192,1,0,0,0.536961138,10,0.7715,3.670977592,2.5,14,1.7108
46,0,16,7,49,8234,12,210,49,12,2210,3.3439,1,0,0,0.7487238,12,0.7515,7.789997,4,14,2.1143
41,1,12,4,16,20646,7,239,48,16,2874,2.9106,1,5,1,2.295872688,3,0.7215,18.27199,4.5,11,9.9331
33,0,11,15,225,16640,7,1878,35,8,2499,4.3834,1,2,0,1.107803226,7,0.7215,10.95398,3.5,9.5,3.0277
45,1,12,23,529,13900,12,215,38,12,3088,4.2098,1,0,0,0.620845258,12,0.7215,13.49999237,2.3,5,1.8605
36,0,10,1,1,11500,7,2340,37,8,2020,3.7129,1,2,1,-2.054163694,10,0.7815,11.20001221,0,7.5,0.1282
48,1,12,29,841,34000,7,1960,56,10,1980,10.606,1,1,0,1.892012,7,0.5515,20.99990845,6.3,14,6.6327
47,1,12,9,81,28700,3,532,47,11,1968,8.6382,1,1,0,1.729724526,7,0.6615,25.7,3.6,11,5.6391
45,0,12,6,36,9563,7,394,45,12,2100,3.8367,1,0,0,0.4693784,7,0.7515,8.932994,2.5,7.5,1.599
37,0,12,11,121,20960,7,675,48,17,2651,7.1671,1,2,0,0.9808417,7,0.6915,19.15997696,3,7.5,2.6667
46,1,16,17,289,38590,10,1515,49,14,1918,8.8634,1,4,0,2.06949234,12,0.6215,26.5899868,6.8,14,7.9208
43,1,17,6,36,27900,12,1030,46,16,2585,7.7369,1,3,0,1.675188184,12,0.6615,22.40000534,5.8,5,5.3398
42,1,12,7,49,25633,7,1250,46,17,2250,9.1702,1,2,0,1.386294365,7,0.6215,20.633,4,7.5,4
34,1,17,2,4,35200,12,1158,39,17,2480,11.29,1,2,1,1.799215,12,0.5515,28.20000648,5.1,7.5,6.0449
52,1,12,24,576,29500,7,112,53,12,2924,6.3269,1,0,0,1.83258152,7,0.5815,28.8,0,7.5,6.25
37,0,12,4,16,10000,7,336,52,9,1896,4.7468,1,3,0,1.09064734,10,0.7515,8.999997,2.2,7.5,2.9762
37,0,12,11,121,19800,7,1984,40,12,2332,4.8885,1,1,0,1.443123579,10,0.6915,11.3999424,4.78,5,4.2339
52,0,8,25,625,12900,7,716,59,7,3482,2.4842,1,0,0,1.250360131,7,0.7215,10.40001392,2.2,5,3.4916
30,0,12,11,121,26080,12,1410,30,14,2106,8.547,1,0,1,1.602312565,12,0.6215,19.08005524,1.28,7.5,4.9645
31,1,13,2,4,13066,7,1300,32,12,1160,6.6379,1,1,0,1.018558502,17,0.7515,9.46604,0,11,2.7692
38,0,12,19,361,12500,7,1640,46,12,2040,3.1863,1,1,0,1.297053218,7,0.7215,6.50006,3.25,7.5,3.6585
43,1,12,7,49,35600,7,1202,48,16,2856,4.5466,1,3,0,1.685194492,7,0.5815,29.11701393,0,9,5.3935
49,1,8,2,4,19424,7,489,51,8,950,12.789,1,1,0,-0.4209849,7,0.7515,19.10302,2.29,5,0.6564
55,1,12,20,400,26250,7,2076,58,10,2068,6.528,1,0,0,1.562094688,7,0.6615,16.34997177,4.68,5,4.7688
38,1,17,10,100,36525,14,526,42,17,1896,16.403,1,2,0,2.146527529,12,0.5515,32.02501678,4.2,9.5,8.5551
52,1,17,19,361,34700,17,1721,56,16,2000,7,1,0,0,2.347463,14,0.61,16.7000618,9.5,14,10.459
48,1,12,17,289,8311,7,1327,51,11,288,13.542,1,0,0,0.9698315,7,0.7515,4.81103754,2.57,11,2.6375
32,1,13,12,144,28626,10,584,33,12,2160,6.713,1,2,0,1.924146414,12,0.6915,24.62601,4.32,11,6.8493
32,1,12,11,121,24400,7,1376,33,17,3120,5.4487,1,1,0,1.626727581,7,0.6615,17.40001297,5,5,5.0872
38,1,12,6,36,14025,7,1040,41,17,1944,6.6872,1,2,0,-0.039260726,7,0.7215,13.02504,0,7.5,0.9615
46,1,12,10,100,21367,12,548,47,12,2046,9.0943,1,3,0,1.460148692,16,0.6915,19.0069828,3.69,14,4.3066
40,0,12,4,16,14136,7,15,42,9,2005,6.5337,1,3,0,1.955393553,7,0.7515,14.03,0,7.5,7.0667
31,1,9,2,4,19900,7,1980,36,10,2070,4.686,1,4,0,0.9263599,10,0.7515,14.89990616,2.56,5,2.5253
43,1,10,13,169,37000,9,1520,50,12,3000,8,1,1,0,2.066191673,12,0.5215,25.00005531,5,9.5,7.8947
51,0,12,21,441,18500,7,1880,51,12,2640,4.053,1,0,0,1.422843218,7,0.6915,10.70006752,3.9,7.5,4.1489
30,1,16,9,81,34550,14,1260,34,17,2450,8.1633,1,0,1,2.10103178,16,0.5515,24.25000381,8.17,5,8.1746
52,1,13,4,16,49620,7,1092,53,15,1000,16.5,1,0,0,2.261461,10,0.4615,39.13996506,0,11,9.5971
30,0,8,2,4,10400,3,1587,33,8,2080,3.4615,1,5,1,0.7013138,3,0.7815,7.199973,2.3,7.5,2.0164
51,1,16,19,361,33000,16,156,51,16,2413,11.361,1,0,0,2.031012535,16,0.5515,31.811,0,11,7.6218
31,1,13,4,16,16200,3,1939,31,12,2570,3.8911,1,2,0,1.162369251,7,0.7215,10.00004768,3.43,7.5,3.1975
34,1,12,9,81,22660,16,1250,52,12,2030,9.6059,1,4,0,0.470003635,12,0.6915,20.66,1.36,7.5,1.6
49,1,11,14,196,16000,7,610,59,17,4684,2.6687,1,0,0,1.410596728,7,0.7215,13.49997616,4,7.5,4.0984
35,1,13,6,36,25780,16,270,41,17,2802,8.8865,1,3,1,0.3930551,7,0.6615,25.37999535,5,9.5,1.4815
53,1,12,24,576,20675,12,660,59,12,2090,6.3636,1,0,1,1.290994167,7,0.7215,18.27497673,3.15,7.5,3.6364
32,0,12,1,1,40213,7,1000,46,16,2053,17.728,1,3,0,0,12,0.5515,39.213,0,11,1
38,1,10,13,169,15500,7,1920,42,10,1984,5.2923,1,3,0,0.9571255,12,0.7215,10.4999361,2.93,7.5,2.6042
54,1,12,3,9,35207,12,200,54,16,2040,15.686,1,0,0,0.5596158,7,0.5815,34.857,0,9.5,1.75
47,1,17,10,100,35702,12,1500,58,8,2794,5.2423,1,1,0,1.568616,10,0.5515,28.502,3.6,11,4.8
45,1,15,16,256,17800,12,868,47,14,3290,3.0395,1,1,0,1.710188,14,0.7215,12.99996,6,9.5,5.53
47,1,16,9,81,50900,16,2318,46,16,1911,16.745,1,1,0,1.410596728,16,0.4915,41.39991,4.2,5,4.0984
59,0,10,19,361,17280,7,2000,60,12,2000,3.75,1,0,0,0.223143548,7,0.6915,14.78,0,5,1.25
32,1,11,4,16,15150,9,60,31,12,2580,5.814,1,1,0,0.5108456,10,0.7215,15.04999828,0,5,1.6667
45,1,12,10,100,36200,7,1715,49,17,2400,10.833,1,1,0,1.332392454,7,0.5815,29.69997787,3.38,7.5,3.7901
40,1,12,5,25,17465,12,550,47,12,1740,9.0029,1,4,0,0.8601859,14,0.7215,16.16502,2.26,5,2.3636
47,1,14,7,49,45205,12,1960,50,12,2500,6.54,1,2,0,2.32278,14,0.61,25.20515823,0,3,10.204
36,0,16,3,9,14500,10,44,37,17,1840,5.9783,1,2,1,1.91959548,12,0.7515,14.19999886,1.36,5,6.8182
56,0,14,38,1444,32011,7,1920,56,14,2036,8.6248,1,0,0,1.976106763,7,0.5815,18.15896797,6.92,7.5,7.2146
41,0,8,16,256,35200,12,2540,43,11,3536,4.8329,1,1,0,0.8954347,7,0.6215,28.98106384,0,9.5,2.4484
48,0,7,13,169,13579,7,156,51,11,880,10.909,1,3,0,0.1812376,3,0.7515,13.39200306,0,11,1.1987
36,0,12,1,1,10455,7,780,38,12,2007,3.8864,1,2,1,0.495305836,7,0.7515,9.17502,0,11,1.641
41,0,12,7,49,32600,3,3120,44,13,2632,8.4574,1,0,0,0.5777924,7,0.5515,27.03984833,0,5,1.7821
41,1,14,15,225,19150,10,2040,43,12,2600,5,1,0,0,1.078817725,7,0.6915,13.14995193,2.8,11,2.9412
36,1,12,10,100,24400,17,1610,36,13,2156,7.4212,1,3,0,1.603198528,12,0.6615,16.40007,4.25,9.5,4.9689
37,0,12,2,4,21700,7,215,41,12,3625,4.4938,1,3,0,0.620845258,10,0.6915,21.29999161,0,3,1.8605
38,1,12,19,361,26201,3,1120,42,12,2420,7.0252,1,0,0,2.083894,7,0.6215,17.20101547,0,9.5,8.0357
43,1,14,25,625,11920,3,846,43,9,2080,3.2788,1,2,0,1.379169106,3,0.7515,8.560026,4.2,7.5,3.9716
54,1,16,25,625,16300,12,3225,59,17,3443,1.2861,1,0,0,1.112383723,12,0.7215,6.49084,0,9.5,3.0416
38,1,12,7,49,16500,7,1376,41,12,2250,5.5556,1,1,0,1.067121625,7,0.7215,12.49996758,3.75,5,2.907
30,1,12,15,225,30000,7,980,34,16,2535,7.4951,1,0,1,1.118807,12,0.5815,27.0000248,3.6,11,3.0612
49,1,12,11,121,62500,7,1838,48,15,2352,22.109,1,0,0,1.588541,7,0.4415,53.50005,5,9.5,4.8966
45,1,13,25,625,58500,10,1494,49,6,3036,9.058,1,1,0,1.390311241,10,0.4415,52.49994659,2.5,9.5,4.0161
51,1,13,19,361,40900,7,450,57,14,2600,11.538,1,0,0,1.714806437,7,0.5215,38.39998,3.5,9.5,5.5556
34,1,10,4,16,16308,10,1976,39,7,2223,6.0468,1,0,0,0.201061532,0,0.6915,13.89194489,2.45,7.5,1.2227
34,1,12,14,196,9300,7,2012,34,10,2666,1.3653,1,2,0,0.987271,7,0.7515,3.899993,3.61,7.5,2.6839
41,1,12,19,361,35700,9,561,41,17,2006,16.55,1,1,0,0.9835007,10,0.5515,34.19999695,3.25,7.5,2.6738
49,1,12,18,324,35700,9,1715,49,17,1710,8.7719,1,1,0,2.233170748,9,0.64,19.70008,7.05,11,9.3294
32,1,12,14,196,24500,12,1912,46,14,1920,9.6354,1,0,0,1.143617511,12,0.6615,18.49995232,3.6,5,3.1381
32,1,14,11,121,13000,12,3686,39,14,1647,6.6788,1,0,0,-0.6113829,12,0.7215,10.99997616,0,7.5,0.5426
32,0,17,4,16,52600,12,1080,35,15,3080,7.5727,1,2,0,2.153052,12,0.4415,43.30001,4.65,5,8.6111
47,1,10,29,841,25360,7,1799,48,10,1920,7.8125,1,0,0,1.299837351,3,0.6615,18.76000786,3.25,7.5,3.6687
39,0,9,21,441,9400,9,1984,47,4,2420,1.9835,1,1,0,0.8409204,9,0.7515,4.800096,2.3,7.5,2.3185
49,1,12,24,576,26800,12,1839,53,15,2205,9.5238,1,0,0,1.058484435,12,0.6215,21.50000191,3.27,11,2.882
37,1,12,19,361,33040,7,1579,39,14,3035,6.425,1,3,0,1.152658463,12,0.6615,28.03993797,0,7.5,3.1666
59,1,16,31,961,26350,12,96,60,15,2185,10.984,1,0,0,1.293575883,14,0.6215,26.00000381,0,7.5,3.6458
50,1,12,28,784,39000,7,1920,56,12,1880,12.766,1,0,0,1.83258152,7,0.5215,27,5.47,14,6.25
32,1,17,15,225,35100,12,1688,33,17,1863,9.5545,1,1,0,2.327180147,12,0.61,17.79968834,9.8,9.5,10.249
46,0,12,27,729,22502,12,1589,48,16,2456,5.4967,1,0,0,1.166146278,12,0.6615,17.40194511,5.54,11,3.2096
43,0,17,13,169,21950,14,345,46,17,1847,9.7618,1,2,0,2.034993172,12,0.6915,19.30999184,5,14,7.6522
37,0,11,4,16,13000,7,1521,42,6,2000,5,1,3,0,0.6792511,7,0.7515,9.99998,2.3,7.5,1.9724
32,1,16,10,100,18180,14,1490,35,14,1856,5.9995,1,2,0,1.547136903,12,0.7215,11.17998,3.9,9,4.698
39,1,11,8,64,20957,10,989,43,14,1880,6.9149,1,1,0,0.7530186,10,0.6915,18.85695648,2.76,9,2.1234
34,0,13,4,16,13700,12,600,35,12,3020,4.9669,1,2,0,0.8472836,12,0.7215,12.30002,2.9,7.5,2.3333
39,1,11,18,324,20000,7,2646,41,8,2646,2.3896,1,1,0,0.871126,7,0.6915,13.6771183,0,5,2.3896
45,1,8,3,9,12260,7,2149,48,9,1640,4.5122,1,3,0,0.228250474,7,0.7515,9.559997,2.5,5,1.2564
50,1,11,11,121,24850,12,320,54,11,1950,9.2308,1,0,0,0.08965783,3,0.6615,24.49998474,0,7.5,1.0938
40,1,12,8,64,29150,7,1600,39,12,1920,11.458,1,1,0,1.321755886,12,0.5815,23.15,3.3,7.5,3.75
30,1,10,10,100,23591,7,2419,34,12,2025,7.6993,1,1,0,1.196101904,7,0.6615,15.59088326,3.9,11,3.3072
57,1,17,33,1089,24717,12,2005,56,17,2470,4.183,1,0,0,1.63611877,16,0.6615,14.42092419,5.25,11,5.1352
39,1,12,19,361,30455,12,1960,43,12,1800,8.3333,1,1,0,1.892012,12,0.6215,17.45490837,3.6,9,6.6327
53,1,12,35,1225,19600,12,2147,56,8,1920,5.1042,1,0,0,1.518309,12,0.6915,9.800019,4.9,7.5,4.5645
48,1,17,21,441,31875,12,1207,53,17,2039,8.2271,1,1,0,2.472159,7,0.64,17.5744648,7.15,5,11.848
46,0,14,7,49,24055,14,2000,48,16,2570,5.6634,1,1,0,1.321755886,14,0.6615,16.555,3.75,7.5,3.75
47,0,12,18,324,18795,10,1260,54,12,1914,5.222,1,0,0,1.473641,7,0.7215,13.29497433,4.35,7.5,4.3651
43,0,12,4,16,12198,7,90,47,10,1516,7.19,1,1,0,1.369478822,7,0.7515,11.84400272,4,7.5,3.9333
47,1,12,12,144,52645,7,1800,47,16,2520,13.907,1,0,0,1.203962803,12,0.4915,46.64506,3.25,7.5,3.3333
47,0,12,16,256,16600,7,573,48,12,2327,6.0163,1,1,0,1.198729157,10,0.7215,14.69999,2.2,14,3.3159
47,1,12,14,196,32590,7,1825,50,12,2188,7.6782,1,0,0,1.270209908,7,0.6215,26.09008,3,7.5,3.5616
46,1,12,3,9,10020,7,75,48,12,1864,5.3112,1,0,0,0.470003635,3,0.7515,9.9,0,7.5,1.6
34,0,9,1,1,12048,7,1348,33,10,2183,4.1228,1,4,0,0.7999817,7,0.7515,9.048026,2.3,11,2.2255
48,0,10,27,729,39750,7,1880,55,12,1920,7.8125,1,0,0,1.565945625,7,0.6215,30.75006485,4.25,11,4.7872
30,1,12,12,144,15700,7,1240,31,12,1824,4.6053,1,1,0,1.758978,10,0.7215,8.49994,6.9,7.5,5.8065
51,0,12,6,36,24250,7,848,54,12,2878,3.9746,1,1,0,0.8580258,7,0.6615,22.24999237,2.3,3,2.3585
52,1,12,9,81,43210,12,150,54,16,2390,15.063,1,5,0,0.6931472,7,0.5215,42.91,0,14,2
37,0,12,2,4,37100,12,2000,39,13,3120,4.5064,1,2,0,0.6418539,12,0.6215,33.3,1.85,5,1.9
32,0,12,6,36,23820,7,1952,33,12,2040,5.8824,1,2,0,1.633740187,12,0.6615,13.81990337,3.25,5,5.123
36,1,17,9,81,31600,14,1456,35,15,2151,10.228,1,2,0,1.70374763,12,0.5815,23.60000801,6.04,5,5.4945
35,1,12,16,256,24000,10,1740,37,14,1976,6.5789,1,2,0,1.844004,10,0.6615,13.00006771,5.5,7.5,6.3218
45,0,17,22,484,30750,12,1400,51,16,2286,8.8145,1,0,0,1.966118813,14,0.5815,20.74994,7.14,5,7.1429
56,0,12,26,676,11050,7,2000,60,10,2032,2.9528,1,0,0,0.8649974,7,0.7515,6.3,2.7,14,2.375
40,0,10,11,121,12239,7,1750,45,4,1680,4.5173,1,2,0,0.9333052,7,0.7515,7.788925,2.74,14,2.5429
45,1,12,11,121,12870,12,1101,49,14,1560,5.1282,1,2,1,0.7792332,14,0.7515,10.47004,2.3,7.5,2.1798
32,0,12,15,225,17200,7,2000,30,12,2895,4.1451,1,2,0,0.9555114,10,0.7215,12,2.5,7.5,2.6
45,0,12,13,169,23980,10,1877,50,8,1820,8.7912,1,0,0,1.316247344,10,0.6615,16.97991562,3.6,7.5,3.7294
40,1,12,6,36,18600,12,160,44,12,2450,7.3061,1,2,0,1.475906491,7,0.6915,17.9,1.85,14,4.375
38,1,12,20,400,23920,10,1886,42,8,1748,6.0069,1,1,0,1.491397262,7,0.6915,15.53993702,4,9.5,4.4433
49,1,12,17,289,16084,7,1446,45,12,1020,8.3333,1,4,0,1.455750465,7,0.7515,9.883986,4.4,14,4.2877
47,1,16,8,64,31100,14,1500,49,17,2342,11.529,1,1,0,0.5108456,14,0.5815,28.59995,1.5,11,1.6667
52,1,13,13,169,20460,7,860,53,12,2250,6.6667,1,0,0,1.180438,7,0.6615,17.66001129,5.83,11,3.2558
34,1,13,15,225,36000,12,1848,40,16,2880,8.6806,1,1,0,1.688489437,12,0.5515,25.99991798,6,7.5,5.4113
44,0,12,14,196,17302,12,1678,46,12,2032,3.468,1,2,0,0.7907275,14,0.7215,13.60201,2.3,3,2.205
36,0,16,14,196,16450,7,160,42,16,3120,3.0321,1,3,0,1.401798606,14,0.7215,15.8,0,3,4.0625
50,1,17,6,36,41170,16,108,57,16,1760,13.807,1,0,0,-0.433556,14,0.5815,41.09999466,0,9.5,0.6482
45,1,12,24,576,20130,0,1738,47,12,1725,6.2174,1,0,0,1.683171511,0,0.6615,10.77504158,6.18,7.5,5.3826
44,1,14,10,100,9200,12,1170,46,13,2080,4.2308,1,2,0,-1.766676664,16,0.7515,9.000047,0,9.5,0.1709
57,1,12,2,4,24751,7,15,57,10,2040,11.47,1,2,0,3.155595,7,0.6615,24.39899445,0,11,23.467
35,1,17,9,81,57300,17,2088,42,17,2940,12.245,1,0,0,2.259521,12,0.5,37.30009,9.98,9.5,9.5785
46,1,12,23,529,37200,7,2490,52,12,2280,9.2105,1,0,0,1.30692637,7,0.5815,27.99995,3.77,7.5,3.6948
30,1,14,12,144,14000,12,135,35,16,2164,6.3309,1,1,2,0.7984977,10,0.7215,13.70000267,0,14,2.2222
42,0,12,8,64,20610,3,1944,44,12,1999,7.8039,1,3,0,0.5590442,7,0.6915,17.20994377,2.3,14,1.749
34,1,12,16,256,14800,7,690,36,13,1824,7.6754,1,1,0,0.147902623,10,0.7215,14.00001431,2.25,7.5,1.1594
45,1,17,10,100,40005,14,608,47,16,2182,15.582,1,2,0,1.944494843,10,0.5515,35.75502,3,14,6.9901
35,1,16,7,49,23750,7,63,37,16,2385,9.6436,1,2,1,1.37833786,14,0.6615,23.49999619,0,14,3.9683
40,1,16,19,361,35300,12,154,44,17,2460,12.886,1,0,0,3.064745188,7,0.5515,31.99993324,8.13,14,21.429
32,1,12,2,4,17350,12,420,35,16,2595,6.5511,1,1,0,-0.7419173,12,0.6915,17.1499958,2.85,7.5,0.4762
54,1,9,9,81,21650,7,651,57,10,2400,8.25,1,0,0,0.7657004,7,0.6615,20.2500248,1.44,7.5,2.1505
38,0,12,14,196,6740,7,675,42,8,3120,1.3792,1,3,0,0.619393,7,0.7915,5.485985,2.2,14,1.8578
43,1,12,9,81,32275,14,1663,42,12,2850,5.2632,1,3,0,1.465452,12,0.6915,25.07504,3.6,5,4.3295
54,1,16,16,256,33220,7,1680,60,12,760,10.526,1,0,0,2.189259529,14,0.72,18.21995163,7,9.5,8.9286
39,1,14,7,49,26500,12,180,37,17,2500,10,1,3,0,1.021659255,12,0.6215,25.99999619,4,7.5,2.7778
37,1,12,6,36,38700,12,1581,39,14,2630,12.548,1,1,0,0.9770095,7,0.5215,34.50007248,3.25,5,2.6565
46,1,12,22,484,15400,7,1200,48,8,2597,4.6207,1,2,0,0.9162908,7,0.7215,12.4,3.08,5,2.5
56,0,11,9,81,19007,7,450,60,11,2760,1.854,1,0,0,2.905096,7,0.6915,10.78685,0,3,18.267
41,0,12,9,81,16771,7,547,44,8,2070,7.4266,1,3,0,-0.1996712,12,0.7215,16.32300758,2,7.5,0.819
45,1,16,14,196,31100,7,300,48,16,2256,13.298,1,1,0,0.6931472,16,0.5815,30.5,0,11,2
44,1,17,17,289,66300,3,975,47,16,1505,26.578,1,1,0,2.733393,3,0.5,51.2996254,8.5,7.5,15.385
50,0,17,12,144,43550,12,1621,52,17,2364,13.959,1,1,0,1.868334651,16,0.4915,33.04997253,0,5,6.4775
37,0,14,13,169,37250,7,300,38,14,2895,13.126,1,5,0,2.120259523,7,0.6215,34.75001,3.5,11,8.3333
44,0,12,8,64,24900,7,1868,46,12,2041,7.8883,1,1,0,1.515193224,16,0.6615,16.40004,4.25,14,4.5503
32,1,14,10,100,24200,14,1803,34,17,2195,8.656,1,2,0,0.9146093,7,0.6615,19.70007324,1.9,9.5,2.4958
34,0,12,16,256,16200,10,2143,40,12,1935,3.4109,1,1,1,1.499556,10,0.7215,6.600003,4.8,14,4.4797
32,0,10,1,1,11431,10,1080,35,10,1950,4.6256,1,2,0,0.8030772,10,0.7515,9.020008,2.3,7.5,2.2324
37,0,12,6,36,13200,10,1352,38,14,2375,4.2105,1,3,0,0.7280316,10,0.7515,10.4000082,1.8,11,2.071
44,1,13,4,16,15420,10,537,55,8,1920,4.2708,1,1,0,0.51641,10,0.7715,14.51998806,0,9,1.676
34,0,16,8,64,18400,12,352,33,12,3300,3.3424,1,2,0,1.226448298,12,0.6915,17.19999695,0,14,3.4091
33,1,12,4,16,43500,3,200,33,16,3680,8.6359,1,3,1,0.9162908,10,0.4915,43,8,5,2.5
43,1,7,15,225,21972,7,2045,43,12,1968,6.7581,1,3,0,1.376471281,7,0.6915,13.87196,4.07,7.5,3.9609
35,0,16,7,49,7774,16,1253,33,10,2504,0.5843,1,2,0,1.828975,16,0.7715,-0.029057452,3.97,11,6.2275
43,0,14,14,196,24470,7,1960,45,14,2000,5.335,1,1,0,1.368283153,7,0.6915,16.76994324,3.85,7.5,3.9286
34,0,12,16,256,13600,7,2000,37,12,1656,4.7101,1,0,0,1.064710736,7,0.7215,7.8,2.5,7.5,2.9
36,0,10,15,225,22500,0,1960,39,7,1968,4.9797,1,3,0,1.406489134,7,0.7215,14.5000639,4.55,7.5,4.0816
41,0,12,23,529,13600,7,2000,41,12,2016,2.9762,1,2,0,1.047318935,7,0.7215,7.9,4.2,14,2.85
41,0,16,19,361,90800,7,1568,44,17,2602,12.744,1,0,0,1.948093414,7,0.4415,79.80001,6.31,7.5,7.0153
35,0,10,4,16,10776,10,1225,43,9,1560,3.8462,1,3,0,1.07800138,10,0.7515,7.17597,2.4,7.5,2.9388
32,1,12,12,144,19007,7,780,37,10,1827,7.2233,1,3,1,0.6539385,10,0.7515,17.5069828,3.25,5,1.9231
30,1,14,12,144,23900,12,480,34,14,2080,8.8077,1,0,0,1.927891612,12,0.6615,20.6,0,14,6.875
43,1,12,25,625,26060,7,1923,47,12,3390,5.3864,1,0,0,1.361027837,7,0.6215,18.55991554,4.74,7.5,3.9002
54,0,6,14,196,13300,7,2000,57,6,2524,3.6846,1,0,0,0.6931472,7,0.7215,9.3,0,7.5,2
35,0,15,14,196,15620,7,2110,34,12,2777,1.8437,1,2,0,1.604686618,7,0.7215,5.120007515,4.37,7.5,4.9763
50,0,12,11,121,16500,7,1664,54,13,3120,1.3013,1,0,0,0.183903649,7,0.7215,14.50003815,5,7.5,1.2019
34,1,17,7,49,20880,16,48,36,17,2700,7.2222,1,1,1,3.113515377,14,0.6915,19.8,0,5,22.5
52,1,14,18,324,30600,12,1791,57,12,1904,7.3529,1,0,0,1.926829219,14,0.6615,18.29995,6.18,9.5,6.8677
35,1,13,4,16,39000,10,1404,38,14,2360,11.864,1,3,0,1.270125628,7,0.6215,33.99993515,5.3,9,3.5613
55,0,6,37,1369,15428,7,1920,58,8,1960,5.3327,1,0,0,0.6826927,7,0.7215,11.62793636,2.58,7.5,1.9792
35,0,16,13,169,23300,7,2141,42,16,2000,5.5,1,0,0,1.68107,7,0.6615,11.80004597,6,7.5,5.3713
49,1,14,14,196,42100,16,1720,45,16,2600,7.2308,1,1,0,0.556296,16,0.5215,39.09997559,0,9.5,1.7442
38,1,15,17,289,36430,7,3533,38,9,2000,7,1,2,2,1.628220439,12,0.64,18.43007,8.5,9.5,5.0948
42,1,14,5,25,26000,7,2000,45,14,2218,7.2137,1,2,0,0.9162908,7,0.6915,21,0,9.5,2.5
48,0,8,2,4,62060,7,800,52,5,2000,4.5,1,1,0,1.341558456,7,0.7515,59,2.3,7.5,3.825
51,1,14,0,0,28300,12,3000,53,16,2595,8.8632,1,0,0,0,12,0.6215,25.3,0,9.5,1
43,1,12,3,9,24149,10,293,47,12,2400,9.3333,1,2,0,1.122231245,12,0.6615,23.24899,4,7.5,3.0717
43,1,12,21,441,28141,10,1872,48,12,2856,3.8263,1,1,0,0.5401708,12,0.6615,24.92808723,0,7.5,1.7163
38,1,12,20,400,23057,10,2058,38,14,2601,5.4448,1,1,0,1.391505718,10,0.6615,14.78198814,4,7.5,4.0209
44,1,12,19,361,28900,7,1832,48,9,2054,8.7634,1,1,0,1.697174,3,0.6215,18.90002823,4.95,7.5,5.4585
36,1,12,4,16,24000,10,120,35,12,2500,8.4,1,3,1,3.218876,12,0.6615,21,9.98,9.5,25
38,0,12,19,361,13900,12,1632,31,12,1960,5.102,1,0,0,0.8711678,12,0.7215,10.00001,2.3,7.5,2.3897
47,1,8,11,121,31810,12,778,51,8,2058,7.4101,1,0,0,1.16732955,12,0.6915,29.30997467,7.25,5,3.2134
34,0,12,14,196,19840,7,1984,49,10,2410,5.3527,1,2,0,1.216987729,7,0.6915,13.14003181,3.14,7.5,3.377
40,1,17,8,64,25490,17,225,38,17,1278,19.562,1,2,1,0.5753766,16,0.6615,25.08999443,0,14,1.7778
31,0,12,13,169,20800,12,1960,35,12,2875,5.0783,1,1,0,1.151615739,12,0.6915,14.59993172,3.18,7.5,3.1633
46,1,12,24,576,2400,16,444,49,12,2340,0.5128,1,0,0,0.9942513,10,0.8015,1.20000124,0,7.5,2.7027
36,1,14,1,1,32650,10,384,43,17,3060,5.402,1,3,0,0.5263249,10,0.5815,32.00000381,0,14,1.6927
39,1,13,1,1,16370,16,1170,47,12,1920,7.8646,1,2,1,-1.543182135,12,0.7215,16.11997,0,11,0.2137
36,0,17,3,9,35500,7,1330,38,12,3390,6.0531,1,2,0,1.912043,7,0.5515,26.50002289,4.5,14,6.7669
37,0,8,4,16,15100,7,1350,41,12,2400,5,1,4,0,0.5542873,7,0.7515,12.75005531,2.1,3,1.7407
39,0,12,21,441,14100,9,480,40,11,1640,7.6829,1,4,0,0.9162908,7,0.7515,12.9,0,3,2.5
36,0,11,10,100,19600,3,1984,38,8,1656,6.0386,1,3,1,1.500939131,7,0.7215,10.69997501,3.26,14,4.4859
49,1,12,13,169,19434,7,1944,53,16,1920,5.851,1,2,0,0.9446838,7,0.7215,14.43403149,2.7,5,2.572
45,1,12,9,81,23882,7,50,46,10,1780,6.7416,1,1,1,1.241268635,7,0.7215,23.709,5,9.5,3.46
32,0,17,14,196,17300,7,460,31,17,1850,8.1081,1,0,2,1.564984322,7,0.7215,15.1000042,0,7.5,4.7826
36,0,10,2,4,19772,7,680,43,12,3430,5.3061,1,5,0,0.8380265,7,0.7215,18.19997597,0,7.5,2.3118
40,1,12,21,441,35641,7,2450,40,8,2008,7.2709,1,1,0,1.668857,7,0.6215,22.64105606,6.5,5,5.3061
43,1,13,22,484,34220,7,2144,43,11,2140,8.1776,1,2,0,1.769428611,7,0.5815,21.64008,0,7.5,5.8675
33,1,12,14,196,30000,16,1760,34,12,3380,7.1006,1,1,0,1.226448298,12,0.5815,23.99998474,3.21,11,3.4091
30,1,12,7,49,18000,12,490,33,11,2430,6.5844,1,1,0,1.406489134,12,0.6915,16.00001526,2.46,7.5,4.0816
49,1,12,2,4,21025,12,0,54,15,2550,7.8529,0,1,0,,14,0.6615,21.025,0,7.5,
30,1,16,5,25,23600,7,0,34,16,1928,11.929,0,0,2,,14,0.6615,23.6,0,9.5,
30,0,12,12,144,22800,12,0,39,17,1100,18,0,0,1,,12,0.6615,22.8,0,7.5,
41,1,12,1,1,35910,7,0,40,16,3193,10.022,0,4,0,,7,0.5815,35.91,0,7.5,
45,1,12,12,144,21700,7,0,46,16,2250,9.3333,0,1,0,,7,0.6615,21.7,0,5,
43,1,12,4,16,21823,7,0,44,13,2012,6.085,0,5,0,,7,0.7515,21.823,0,7.5,
42,1,13,9,81,31000,7,0,46,15,3856,5.7054,0,1,0,,10,0.6615,31,0,11,
60,1,12,9,81,15300,7,0,58,12,1645,9.1185,0,0,0,,7,0.7215,15.3,0,7.5,
57,1,12,6,36,12925,3,0,57,12,1554,7.2072,0,0,0,,9,0.7215,12.925,0,7.5,
38,0,10,5,25,15830,7,0,41,8,2352,5.3146,0,2,0,,12,0.7515,15.83,0,5,
56,1,12,5,25,30200,12,0,58,12,1980,8.2828,0,0,0,,12,0.6915,30.2,0,7.5,
32,0,12,8,64,16600,7,0,37,7,2352,7.0578,0,3,0,,10,0.7215,16.6,0,5,
49,1,7,2,4,11000,7,0,58,6,1784,6.1659,0,1,0,,7,0.7515,11,0,7.5,
55,0,12,6,36,15000,10,0,58,12,2500,2.7,0,0,0,,7,0.7215,15,0,3,
36,0,9,0,0,20528,7,0,39,14,2088,7.6628,0,1,1,,7,0.7215,20.528,0,11,
44,0,12,3,9,13126,9,0,50,12,4640,1.8491,0,3,0,,9,0.7515,13.126,0,14,
44,1,10,7,49,15550,14,0,60,12,3900,3.8462,0,1,0,,7,0.7215,15.55,0,7.5,
35,1,14,3,9,18010,12,0,34,17,1988,9.0543,0,2,1,,3,0.7215,18.01,0,7.5,
44,0,14,10,100,18874,10,0,45,10,1920,9.375,0,3,2,,10,0.7215,18.874,0,14,
45,1,12,3,9,24800,12,0,45,12,2400,8.3333,0,1,0,,12,0.6615,24.8,0,14,
34,1,12,2,4,17500,17,0,38,12,1867,9.3733,0,0,1,,12,0.6915,17.5,0,5,
30,1,17,12,144,16150,12,0,32,17,3570,4.4818,0,0,2,,12,0.7215,16.15,0,7.5,
39,0,8,15,225,15189,3,0,44,12,2805,5.3476,0,1,0,,7,0.7215,15.189,0,3,
36,0,12,5,25,6000,7,0,39,15,1110,3.2027,0,2,0,,7,0.7815,6,0,14,
38,1,17,4,16,37250,12,0,42,16,2695,12.801,0,2,0,,10,0.5515,37.25,0,9.5,
53,1,12,10,100,27760,10,0,54,16,1950,6.9103,0,0,0,,10,0.6215,27.76,0,7.5,
36,0,12,1,1,9090,7,0,42,12,2128,4.2293,0,2,0,,7,0.7715,9.09,0,3,
32,1,12,8,64,14500,7,0,31,12,3260,4.4479,0,1,1,,12,0.7215,14.5,0,7.5,
51,1,9,20,400,19700,7,0,51,12,1987,8.0523,0,3,0,,7,0.7215,19.7,0,14,
38,1,11,4,16,16788,7,0,46,11,2185,7.5057,0,0,0,,10,0.6915,16.788,0,14,
33,1,12,7,49,18520,10,0,36,12,2475,7.4747,0,0,2,,10,0.6915,18.52,0,11,
54,1,12,10,100,20950,10,0,53,12,2610,6.3218,0,0,0,,16,0.6915,20.95,0,9.5,
38,0,9,3,9,7574,3,0,44,12,1920,2.1354,0,3,0,,7,0.8015,7.574,0,11,
30,0,11,5,25,10027,7,0,31,14,2352,4.2092,0,2,2,,7,0.7715,10.027,0,3,
34,0,12,10,100,5000,12,0,30,12,3160,0.7595,0,3,2,,12,0.9415,5,0,7.5,
34,0,9,0,0,7040,7,0,37,13,1040,4.8077,0,1,0,,12,0.7915,7.04,0,3,
50,1,12,3,9,40800,7,0,49,12,3120,12.788,0,2,0,,10,0.5215,40.8,0,7.5,
30,0,17,10,100,16050,12,0,30,16,2240,7.1429,0,0,2,,12,0.7215,16.05,0,11,
38,1,12,2,4,33100,7,0,42,16,1980,15.152,0,2,0,,10,0.5815,33.1,0,11,
54,1,14,10,100,33856,12,0,58,14,1960,7.9082,0,0,0,,12,0.7215,33.856,0,9.5,
30,1,12,4,16,20500,12,0,31,17,2940,6.9728,0,2,1,,12,0.6915,20.5,3,7.5,
55,1,12,0,0,28600,7,0,56,11,2467,4.9181,0,0,0,,7,0.5815,28.6,0,5,
51,0,10,10,100,18750,10,0,56,12,2256,8.3112,0,1,0,,10,0.6915,18.75,0,11,
44,1,12,5,25,20300,7,0,46,12,1680,7.1429,0,1,0,,7,0.7215,20.3,0,9.5,
53,0,12,0,0,13420,7,0,55,12,2250,5.6889,0,0,0,,7,0.7215,13.42,0,5,
42,0,10,0,0,18400,3,0,49,9,2400,7.0833,0,2,0,,3,0.7215,18.4,0,5,
38,0,12,19,361,16682,7,0,42,11,2196,5.6922,0,2,0,,10,0.7215,16.682,0,7.5,
38,1,13,2,4,32685,7,0,40,12,2400,11.4,0,3,1,,7,0.6215,32.685,0,7.5,
41,1,12,12,144,7050,3,0,41,11,3825,1.4152,0,4,1,,3,0.8015,7.05,0,9.5,
35,1,8,5,25,10867,7,0,44,9,2860,2.7507,0,3,0,,12,0.7815,10.867,0,9.5,
33,1,12,5,25,18220,12,0,34,12,2750,6.6182,0,2,1,,12,0.7215,18.22,2.75,9.5,
48,0,13,5,25,26613,7,0,50,16,2103,9.2725,0,0,0,,7,0.6915,26.613,0,7.5,
47,1,12,10,100,25000,10,0,51,12,1880,12.287,0,0,0,,12,0.6215,25,0,7.5,
34,1,12,0,0,15700,7,0,41,13,3185,2.8549,0,5,0,,7,0.7515,15.7,0,7.5,
33,1,13,4,16,40250,10,0,37,17,2677,7.9709,0,1,2,,12,0.5215,40.25,0,5,
31,0,13,3,9,73600,16,0,36,17,3600,19.444,0,1,3,,12,0.4415,73.6,0,11,
58,1,8,2,4,10592,7,0,58,8,4334,1.4806,0,0,0,,12,0.7515,10.592,0,7.5,
49,0,12,1,1,8000,7,0,52,8,2874,1.8918,0,0,0,,7,0.7515,8,0,3,
55,1,8,0,0,13400,3,0,56,9,1936,6.9215,0,1,0,,7,0.7215,13.4,0,7.5,
44,1,14,1,1,23700,12,0,49,8,1964,10.692,0,0,0,,12,0.6615,23.7,1.5,14,
44,1,9,1,1,18900,7,0,48,8,1900,9.9474,0,0,0,,7,0.6915,18.9,0,11,
36,1,16,6,36,48300,12,0,37,17,2500,19,0,3,0,,7,0.4615,48.3,0,9.5,
38,1,12,12,144,24470,14,0,46,14,3173,7.4882,0,3,0,,14,0.6615,24.47,0,9.5,
37,1,16,6,36,28630,7,0,38,17,2916,9.259,0,3,0,,16,0.6215,28.63,0,7.5,
47,1,12,9,81,25320,7,0,51,12,2208,11.322,0,0,0,,12,0.6215,25.32,0,5,
47,1,12,14,196,13530,10,0,47,10,2094,6.447,0,3,0,,12,0.7515,13.53,0,7.5,
32,1,12,13,169,14800,7,0,33,12,2250,6.5778,0,1,1,,7,0.7215,14.8,0,9,
43,0,12,8,64,17400,7,0,46,12,2000,6.1,0,2,1,,12,0.7515,17.4,0,7.5,
42,0,11,0,0,15980,10,0,48,10,2600,4.2308,0,4,1,,10,0.7815,15.98,0,3,
56,0,12,1,1,16576,7,0,57,8,4368,2.217,0,0,0,,7,0.7215,16.576,0,7.5,
38,1,13,3,9,21850,7,0,40,16,3068,6.5189,0,5,0,,12,0.6915,21.85,2.25,11,
52,1,12,13,169,14600,7,0,51,11,2218,6.4923,0,2,0,,7,0.7215,14.6,0,14,
50,1,12,3,9,21600,12,0,56,12,1848,11.364,0,0,0,,12,0.6615,21.6,0,7.5,
33,1,16,8,64,24000,12,0,33,17,2430,9.8765,0,0,0,,12,0.6615,24,0,7.5,
44,1,16,8,64,20883,7,0,44,17,2640,7.6576,0,2,0,,7,0.6915,20.883,0,7.5,
41,0,12,18,324,19500,7,0,42,16,2108,8.3017,0,1,0,,7,0.6915,19.5,0,14,
45,1,12,2,4,42800,12,0,45,12,1998,14.114,0,1,0,,14,0.6215,42.8,0,11,
53,0,14,3,9,41500,7,0,55,16,2500,16,0,0,0,,7,0.5215,41.5,0,7.5,
53,1,14,5,25,18965,12,0,56,17,1665,11.291,0,0,0,,12,0.6915,18.965,0,14,
42,1,12,2,4,16100,10,0,46,12,2990,2.3395,0,1,0,,12,0.7215,16.1,0,9.5,
32,1,13,10,100,14700,17,0,35,16,1795,7.7994,0,0,2,,12,0.7215,14.7,0,7.5,
56,1,12,30,900,18800,7,0,53,12,2500,6,0,0,0,,7,0.7215,18.8,0,7.5,
37,1,11,1,1,14750,7,0,40,11,2205,6.6893,0,3,1,,10,0.7515,14.75,0,11,
40,1,12,5,25,21000,7,0,42,14,2460,8.5366,0,2,1,,12,0.6915,21,0,14,
54,1,15,8,64,35400,7,0,55,16,1880,13.83,0,3,0,,0,0.6215,35.4,0,7.5,
53,0,7,0,0,10700,7,0,53,9,3481,1.48,0,0,0,,7,0.7515,10.7,0,7.5,
48,1,12,4,16,24500,7,0,51,12,2450,8.5714,0,1,0,,7,0.6615,24.5,0,9.5,
36,1,12,2,4,17045,7,0,38,14,2062,8.2299,0,2,1,,7,0.7215,17.045,0,9.5,
57,1,12,30,900,18800,7,0,52,14,2146,8.3877,0,0,0,,7,0.6915,18.8,0,7.5,
51,1,12,25,625,14000,7,0,49,7,1575,7.3651,0,0,0,,10,0.7215,14,0,14,
33,0,13,3,9,18214,0,0,37,12,3096,3.4415,0,4,0,,7,0.7215,18.214,0,3,
52,1,12,20,400,20177,7,0,49,11,3280,3.3537,0,0,0,,7,0.7515,20.177,0,7.5,
56,1,10,20,400,8300,7,0,60,8,1680,2.9762,0,0,0,,0,0.7815,8.3,0,7.5,
36,1,12,0,0,14200,9,0,38,11,2625,5.181,0,2,1,,14,0.7515,14.2,0,7.5,
36,0,14,15,225,21768,12,0,50,16,1846,10.293,0,0,1,,12,0.6915,21.768,0,7.5,
46,1,12,10,100,29553,7,0,47,10,2178,13.243,0,1,0,,10,0.5815,29.553,0,14,
31,0,10,4,16,4350,7,0,33,9,960,3.6458,0,3,0,,7,0.9415,4.35,0,7.5,
52,1,11,3,9,24000,7,0,51,12,2210,10.407,0,0,0,,7,0.6615,24,0,11,
46,1,12,10,100,18300,7,0,55,12,2192,8.2117,0,2,0,,7,0.6915,18.3,0,7.5,
35,1,12,9,81,17200,3,0,44,16,1960,8.6735,0,0,2,,7,0.7215,17.2,0,7.5,
59,0,12,7,49,16476,7,0,56,10,1920,8.3208,0,0,0,,7,0.6915,16.476,0,14,
36,0,8,12,144,13400,0,0,40,12,2286,4.287,0,1,0,,0,0.7515,13.4,0,14,
51,0,7,0,0,44988,3,0,52,7,2000,10.5,0,3,1,,3,0.5215,44.988,0,14,
31,1,16,16,256,18200,12,0,31,12,2256,7.9787,0,0,1,,12,0.6915,18.2,0,9,
31,1,14,4,16,28000,12,0,36,17,2370,11.814,0,2,0,,12,0.6215,28,0,14,
32,1,12,7,49,11550,12,0,39,13,1800,6.1111,0,1,1,,12,0.7515,11.55,0,7.5,
35,1,16,7,49,28450,7,0,38,16,2250,12.578,0,2,1,,12,0.6215,28.45,0,14,
40,1,12,14,196,15096,10,0,43,12,1080,11.244,0,3,0,,7,0.7515,15.096,4.1,7.5,
33,0,10,2,4,8009,7,0,38,12,2840,2.7408,0,2,1,,7,0.7815,8.009,0,14,
54,1,7,20,400,10040,0,0,52,11,2250,4.4444,0,0,0,,0,0.7515,10.04,0,3,
36,1,12,5,25,16700,12,0,37,12,2746,5.8267,0,1,1,,12,0.7215,16.7,0,7.5,
50,0,10,10,100,8400,7,0,60,8,2300,2.3478,0,1,0,,12,0.7815,8.4,0,3,
54,0,8,20,400,13000,0,0,49,8,2860,4.4755,0,0,0,,0,0.7215,13,0,3,
48,1,11,10,100,17970,7,0,49,12,1765,8.4986,0,1,0,,7,0.7215,17.97,0,7.5,
41,0,15,8,64,18450,17,0,42,16,2520,7.1825,0,4,0,,14,0.7215,18.45,0,5,
50,1,12,11,121,31000,7,0,53,12,2208,10.87,0,4,0,,12,0.6615,31,0,14,
46,1,12,3,9,24135,7,0,51,8,2119,7.1222,0,2,0,,10,0.7215,24.135,0,7.5,
42,0,13,6,36,31700,12,0,47,17,2580,10.6592,0,1,0,,12,0.5815,31.7,0,7.5,
31,0,9,4,16,10190,3,0,34,12,1984,3.2762,0,2,1,,3,0.7915,10.19,0,14,
53,0,12,4,16,21574,10,0,58,8,1880,7.7521,0,0,0,,10,0.7215,21.574,0,14,
51,1,12,9,81,26680,3,0,57,12,2185,11.945,0,1,0,,3,0.6215,26.68,0,7.5,
47,1,12,10,100,17700,9,0,57,12,2080,4.6154,0,1,0,,7,0.7515,17.7,0,11,
50,1,12,3,9,29400,12,0,50,12,1920,13.021,0,1,0,,12,0.6215,29.4,0,14,
37,0,6,2,4,22159,7,0,52,5,3000,2.6667,0,1,0,,7,0.7515,22.159,0,7.5,
30,0,12,2,4,35000,12,0,31,12,2100,8.8333,0,2,2,,12,0.5815,35,0,11,
49,1,12,0,0,8630,16,0,39,12,1690,2.3669,0,0,0,,16,0.7915,8.63,0,5,
52,1,12,8,64,17080,0,0,49,16,2600,5,0,2,0,,7,0.7515,17.08,0,14,
47,1,12,6,36,32500,7,0,49,16,1984,7.4597,0,2,0,,10,0.7215,32.5,0,14,
49,1,12,15,225,16000,7,0,53,12,2064,7.7519,0,0,0,,7,0.7215,16,0,11,
44,1,12,15,225,18850,10,0,31,16,2553,5.4054,0,4,0,,12,0.7515,18.85,0,14,
53,1,8,9,81,17500,9,0,59,9,2776,6.1239,0,0,0,,9,0.6915,17.5,0,9.5,
30,0,12,8,64,19392,12,0,31,13,2315,8.3369,0,0,1,,7,0.6915,19.392,0,14,
54,1,12,18,324,14450,10,0,55,12,1880,7.1277,0,2,0,,7,0.7215,14.45,0,7.5,
47,1,7,3,9,21800,0,0,51,7,2160,6.1204,0,1,1,,0,0.6915,21.8,0,7.5,
56,1,15,10,100,7700,7,0,56,12,900,3.1111,0,0,0,,7,0.7515,7.7,0,14,
49,0,12,6,36,31800,7,0,52,16,2467,12.161,0,1,0,,7,0.5815,31.8,0,11,
48,1,6,20,400,17258,7,0,55,12,1820,5.3846,0,0,0,,7,0.7515,17.258,0,9.5,
49,0,12,8,64,13399,12,0,53,10,2223,3.9838,0,1,0,,10,0.7515,13.399,0,9.5,
56,0,12,3,9,16073,16,0,60,12,2142,7.4697,0,1,0,,12,0.7215,16.073,0,11,
46,1,12,4,16,23260,7,0,46,11,1928,11.411,0,0,0,,7,0.6615,23.26,0,7.5,
45,1,12,13,169,37300,12,0,49,17,2783,12.936,0,2,0,,12,0.5515,37.3,0,14,
32,1,12,4,16,11000,7,0,35,12,1960,5.6122,0,2,0,,12,0.7515,11,0,11,
43,1,12,17,289,13075,7,0,41,12,1920,6.8099,0,1,1,,7,0.7515,13.075,2.7,14,
34,1,12,4,16,13700,7,0,39,12,1587,8.5066,0,1,1,,7,0.7215,13.7,0,9.5,
30,0,12,0,0,25100,10,0,51,10,2496,5.508,0,1,1,,7,0.6615,25.1,0,5,
38,1,17,15,225,18600,16,0,39,12,2280,7.2285,0,0,2,,12,0.6915,18.6,4.8,5,
33,0,16,11,121,29000,16,0,36,17,2750,9.4545,0,1,1,,16,0.6215,29,0,9.5,
52,1,12,23,529,19237,7,0,55,12,2115,8.9835,0,0,0,,7,0.6915,19.237,0,9.5,
43,1,11,1,1,19855,14,0,45,12,2590,5.9846,0,3,0,,12,0.7215,19.855,0,7.5,
33,0,12,5,25,9450,7,0,34,12,2372,3.9629,0,1,1,,12,0.7515,9.45,0,9.5,
45,0,10,1,1,30000,7,0,48,12,2295,7.0575,0,0,0,,7,0.5815,30,0,7.5,
36,1,10,5,25,15000,10,0,38,12,2096,7.1565,0,1,2,,10,0.7215,15,0,14,
34,1,12,3,9,24701,12,0,39,17,3315,4.0145,0,1,1,,12,0.6615,24.701,0,9.5,
37,0,14,3,9,15900,14,0,50,16,1777,3.8829,0,2,0,,10,0.7215,15.9,0,11,
46,0,10,19,361,16240,7,0,51,12,1880,7.9787,0,1,0,,7,0.7215,16.24,0,11,
47,1,12,20,400,21100,12,0,55,10,2184,5.0366,0,0,0,,12,0.7515,21.1,0,9.5,
31,1,16,5,25,23000,12,0,32,16,3250,7.0769,0,1,2,,12,0.6615,23,0,7.5,
57,0,5,0,0,6340,7,0,58,5,1520,3.6184,0,0,0,,7,0.7715,6.34,0,14,
30,1,12,3,9,42250,10,0,30,13,3119,13.466,0,1,1,,10,0.4915,42.25,0,5,
30,1,12,3,9,14694,10,0,43,17,640,14.531,0,0,0,,12,0.7215,14.694,0,11,
44,1,12,7,49,21417,12,0,45,12,2250,6.8,0,3,0,,12,0.7215,21.417,0,9.5,
53,1,13,7,49,20200,12,0,53,13,3000,6.6667,0,0,0,,7,0.6615,20.2,0,7.5,
51,1,8,1,1,12090,7,0,54,8,2028,5.9172,0,0,0,,7,0.7215,12.09,0,9.5,
39,1,12,13,169,24760,7,0,36,14,2412,10.24,0,3,1,,12,0.6615,24.76,0,5,
52,0,8,0,0,23000,3,0,54,12,2452,8.1566,0,0,0,,7,0.6915,23,0,3,
46,1,8,0,0,19365,3,0,50,12,2304,6.6775,0,4,0,,3,0.7215,19.365,0,11,
47,0,12,12,144,5550,7,0,49,12,3120,0.9615,0,5,0,,7,0.9415,5.55,0,3,
52,1,8,0,0,68035,3,0,54,8,1670,16.907,0,2,0,,7,0.4415,68.035,0,7.5,
45,1,12,5,25,29300,14,0,46,15,2137,13.57,0,2,0,,10,0.6215,29.3,0,7.5,
60,1,11,45,2025,18500,7,0,52,11,2071,8.9329,0,0,0,,7,0.6915,18.5,0,7.5,
41,0,13,10,100,22582,7,0,54,7,1960,4.7372,0,2,0,,17,0.7215,22.582,0,11,
39,1,8,2,4,21500,7,0,45,12,2068,8.5106,0,3,0,,7,0.7215,21.5,0,7.5,
49,0,12,3,9,28070,7,0,51,12,2190,5.2511,0,1,0,,7,0.7515,28.07,0,7.5,
32,1,15,1,1,50300,12,0,37,13,2295,21.786,0,1,1,,12,0.4415,50.3,0,14,
33,1,12,5,25,23500,12,0,34,13,2970,7.9125,0,3,1,,12,0.6615,23.5,0,14,
36,0,10,10,100,15500,9,0,37,8,2068,7.1083,0,4,0,,7,0.7515,15.5,0,14,
37,0,13,4,16,13440,0,0,39,14,2419,5.0434,0,3,3,,7,0.7715,13.44,0,5,
30,0,12,7,49,8100,12,0,34,11,2150,2.2442,0,2,1,,12,0.7815,8.1,0,11,
44,1,11,9,81,9800,12,0,37,10,1152,8.5069,0,1,1,,7,0.7515,9.8,0,9.5,
48,1,12,5,25,20300,12,0,49,12,2640,7.5758,0,1,0,,7,0.6915,20.3,0,5,
40,1,11,4,16,15000,7,0,45,11,2550,5.8824,0,4,0,,7,0.7515,15,0,14,
47,1,13,11,121,56100,9,0,49,16,1360,40.441,0,0,0,,9,0.4415,56.1,0,5,
36,1,12,9,81,22846,7,0,40,12,2420,6.2339,0,2,0,,12,0.7215,22.846,0,5,
40,1,11,4,16,22225,12,0,42,14,2205,9.2971,0,2,0,,7,0.6915,22.225,0,5,
46,1,12,2,4,17635,7,0,46,12,3268,0.7038,0,1,0,,12,0.9415,17.635,0,7.5,
52,0,12,23,529,18500,12,0,54,12,3672,2.5425,0,0,0,,3,0.6915,18.5,0,7.5,
44,0,12,3,9,13390,12,0,45,12,1800,5.0833,0,1,0,,12,0.7515,13.39,0,11,
45,1,10,15,225,15150,7,0,46,14,1926,7.6843,0,1,0,,7,0.7215,15.15,0,7.5,
30,0,7,8,64,16200,3,0,35,7,1920,4.0625,0,1,2,,7,0.7815,16.2,0,7.5,
40,1,12,3,9,33920,12,0,44,12,2080,6.5106,0,3,1,,12,0.6615,33.92,0,14,
43,0,12,25,625,14000,12,0,43,12,2856,2.951,0,1,0,,7,0.7215,14,0,7.5,
49,1,12,2,4,16736,3,0,53,10,2115,5.6738,0,2,0,,12,0.7515,16.736,0,11,
46,1,12,0,0,30650,12,0,48,12,1880,12.766,0,4,1,,12,0.6615,30.65,3.45,11,
52,0,11,19,361,12400,7,0,52,12,2000,6,0,0,0,,7,0.7515,12.4,0,11,
31,1,12,3,9,19022,10,0,33,15,2044,9.2955,0,1,1,,7,0.6915,19.022,0,9.5,
42,0,10,7,49,11203,7,0,47,11,1677,5.1324,0,1,1,,7,0.7515,11.203,0,5,
33,1,11,1,1,19876,14,0,38,8,2184,9.0659,0,3,0,,7,0.6915,19.876,0,7.5,
57,1,16,9,81,57000,12,0,57,13,3185,11.931,0,0,0,,7,0.4415,57,0,14,
49,1,10,3,9,18290,10,0,51,10,2680,6.7164,0,0,0,,10,0.6915,18.29,0,11,
45,1,14,8,64,20220,12,0,47,14,3615,4.5851,0,1,0,,14,0.6915,20.22,0,11,
56,1,11,0,0,22150,7,0,56,12,2139,9.2567,0,0,0,,7,0.6915,22.15,0,14,
41,1,12,5,25,30623,10,0,43,12,3080,8.5656,0,3,1,,10,0.6215,30.623,0,7.5,
56,1,5,20,400,9380,3,0,53,6,1261,6.7407,0,0,0,,3,0.7515,9.38,0,14,
48,1,10,3,9,22000,7,0,48,10,2227,9.8788,0,1,0,,7,0.6915,22,0,5,
52,1,16,12,144,23675,10,0,53,16,1920,9.375,0,2,0,,12,0.6615,23.675,0,7.5,
51,1,12,5,25,33671,7,0,55,12,2350,6.277,0,0,0,,7,0.7215,33.671,0,14,
35,0,11,1,1,12367,7,0,39,10,1785,6.4241,0,3,0,,7,0.7515,12.367,0,7.5,
45,0,12,0,0,21950,7,0,51,12,2598,8.3718,0,0,0,,7,0.6615,21.95,0,5,
54,1,12,7,49,32000,7,0,58,17,2455,12.22,0,0,0,,7,0.5815,32,0,9.5,
54,1,12,13,169,22610,10,0,54,13,2450,3.5612,0,2,0,,10,0.7215,22.61,0,9.5,
31,0,12,3,9,12092,7,0,32,8,1218,8.867,0,0,1,,7,0.7515,12.092,0,3,
53,0,6,0,0,3777,7,0,54,4,2040,1.8515,0,3,0,,7,0.9415,3.777,0,11,
35,0,14,2,4,36000,14,0,34,14,2600,8.0769,0,2,2,,16,0.5515,36,0,3,
36,0,12,0,0,26900,16,0,40,16,2450,8.9796,0,3,1,,12,0.6615,26.9,0,7.5,
59,1,12,2,4,32242,7,0,60,12,2717,6.6618,0,0,0,,7,0.6615,32.242,0,11,
54,1,16,1,1,35020,17,0,54,17,2701,11.107,0,0,0,,16,0.5815,35.02,0,5,
37,1,12,10,100,37600,7,0,47,17,2600,14.077,0,1,1,,7,0.5515,37.6,0,9,
44,1,12,10,100,1500,7,0,54,10,3640,0.4121,0,0,0,,7,0.9415,1.5,0,7.5,
34,1,17,1,1,96000,12,0,40,16,2940,23.81,0,2,1,,12,0.4415,96,0,5,
49,0,12,3,9,18150,7,0,50,12,1880,9.5745,0,0,0,,7,0.6915,18.15,0,11,
49,0,12,32,1024,15500,7,0,51,12,3500,1.9286,0,0,0,,7,0.7215,15.5,0,3,
60,0,9,0,0,14000,7,0,60,8,3320,2.5783,0,0,0,,7,0.7215,14,0,3,
51,1,12,7,49,14756,7,0,55,12,1605,7.2274,0,0,0,,7,0.7215,14.756,0,7.5,
30,1,12,5,25,22000,10,0,30,14,2500,8.8,0,1,1,,12,0.6615,22,0,5,
47,1,12,2,4,24466,7,0,49,9,2400,7.75,0,2,0,,7,0.6615,24.466,0,11,
36,1,12,5,25,24400,12,0,45,17,1634,14.688,0,4,0,,12,0.6615,24.4,0,7.5,
35,1,12,3,9,24000,7,0,38,12,2260,10.487,0,3,1,,7,0.6615,24,0,9.5,
58,0,12,25,625,15500,9,0,53,12,3478,4.0253,0,0,0,,12,0.7215,15.5,0,11,
41,0,14,0,0,30800,12,0,42,16,2550,11.765,0,3,1,,14,0.6215,30.8,0,7.5,
51,1,10,3,9,10660,7,0,52,8,840,9.5238,0,1,0,,7,0.7515,10.66,0,14,
47,0,12,10,100,13350,7,0,52,12,1520,6.9079,0,0,0,,7,0.7215,13.35,0,11,
45,0,9,10,100,10090,3,0,35,9,1920,5.151,0,2,1,,12,0.7515,10.09,0,11,
60,1,14,7,49,55600,14,0,55,17,2703,20.496,0,0,0,,16,0.4415,55.6,0,14,
30,1,16,5,25,25700,12,0,46,16,1896,13.555,0,1,1,,12,0.6615,25.7,2,9.5,
55,1,11,15,225,29000,3,0,57,13,1960,14.796,0,0,0,,7,0.5815,29,0,5,
32,0,12,1,1,7286,7,0,50,8,3060,1.6905,0,2,1,,10,0.7815,7.286,0,3,
36,0,12,5,25,37752,7,0,38,12,2805,7.2296,0,2,0,,7,0.5215,37.752,0,3,
55,0,12,9,81,13072,3,0,53,7,1944,4.1152,0,0,0,,3,0.7515,13.072,0,14,
47,0,12,18,324,7044,3,0,47,12,1960,2.999,0,0,0,,3,0.7715,7.044,0,14,
47,1,12,1,1,18200,7,0,52,8,2112,8.0492,0,1,0,,7,0.6915,18.2,0,14,
37,0,11,0,0,27000,7,0,39,12,2544,8.577,0,1,0,,12,0.6215,27,0,3,
50,0,12,6,36,30300,12,0,53,17,1700,9.3235,0,2,0,,10,0.5815,30.3,0,3,
30,0,12,1,1,12000,7,0,31,12,2550,4.7059,0,3,0,,3,0.7515,12,0,14,
48,0,17,2,4,31500,17,0,45,17,2080,9.1346,0,1,0,,16,0.6615,31.5,0,3,
43,1,10,15,225,27092,10,0,49,12,2060,7.767,0,2,0,,10,0.7215,27.092,0,5,
48,0,11,25,625,20968,7,0,46,8,1955,4.1269,0,0,1,,7,0.7515,20.968,0,3,
41,1,14,1,1,27000,7,0,44,17,2500,10,0,2,1,,17,0.6615,27,0,14,
50,1,12,0,0,11225,10,0,52,10,2750,4.0727,0,0,0,,7,0.7515,11.225,0,7.5,
58,0,8,0,0,37700,3,0,59,5,2040,7.8529,0,0,0,,3,0.5815,37.7,0,7.5,
38,1,13,0,0,28200,16,0,43,15,3275,7.8168,0,5,0,,12,0.6615,28.2,0,7.5,
37,0,12,8,64,34000,12,0,39,12,2400,9.1667,0,1,0,,7,0.6615,34,0,5,
50,1,16,22,484,63200,7,0,51,17,2024,29.644,0,0,0,,12,0.4415,63.2,0,9.5,
42,1,8,5,25,7500,3,0,44,6,1840,4.0761,0,4,0,,3,0.7915,7.5,0,7.5,
37,1,9,10,100,17410,10,0,37,17,2033,8.362,0,3,1,,10,0.7215,17.41,0,9.5,
41,1,16,1,1,51000,17,0,40,17,1946,12.062,0,2,0,,16,0.4415,51,0,9,
31,0,12,1,1,12916,7,0,31,12,3660,2.3251,0,2,0,,10,0.7515,12.916,0,3,
51,1,12,6,36,21900,7,0,55,11,2088,10.01,0,0,0,,7,0.6615,21.9,0,5,
36,0,12,4,16,17640,7,0,41,12,2048,5.2734,0,2,1,,7,0.7515,17.64,0,5,
54,0,15,6,36,20000,16,0,52,15,1920,10.417,0,0,0,,14,0.6915,20,0,14,
49,1,12,0,0,15000,7,0,54,12,2000,7.5,0,0,0,,7,0.7215,15,0,14,
48,0,9,1,1,14060,12,0,47,8,2204,6.3521,0,1,1,,10,0.7215,14.06,0,5,
42,0,9,3,9,15825,14,0,45,10,3157,3.8071,0,2,0,,7,0.7215,15.825,0,9.5,
41,1,12,15,225,16510,16,0,44,14,1665,9.9099,0,2,1,,3,0.7215,16.51,0,9.5,
55,0,16,33,1089,13000,12,0,56,11,2304,2.6701,0,0,0,,12,0.7215,13,0,7.5,
42,1,9,2,4,10000,7,0,46,8,2275,4.3956,0,0,0,,7,0.7515,10,0,5,
32,1,15,1,1,22000,12,0,33,17,2760,7.971,0,1,0,,12,0.6615,22,0,7.5,
43,1,12,10,100,29800,7,0,44,14,1750,15.429,0,2,0,,7,0.5815,29.8,0,7.5,
33,1,12,0,0,15000,7,0,37,13,3366,1.9854,0,3,1,,7,0.7215,15,0,5,
48,1,15,14,196,22300,14,0,51,16,2205,7.2562,0,1,0,,10,0.7215,22.3,0,9.5,
43,1,12,15,225,14550,16,0,48,9,1990,7.0352,0,2,0,,3,0.7215,14.55,0,7.5,
47,1,17,15,225,19730,12,0,57,16,1930,8.1347,0,3,1,,14,0.6915,19.73,0,7.5,
54,1,12,10,100,35000,12,0,60,12,1350,11.981,0,0,0,,12,0.5515,35,0,7.5,
51,1,12,6,36,21014,3,0,52,12,3340,5.9922,0,1,0,,7,0.6615,21.014,0,7.5,
51,0,10,18,324,10876,7,0,57,10,960,4.1458,0,1,0,,14,0.7515,10.876,0,7.5,
43,0,13,15,225,27850,10,0,42,13,2732,8.5102,0,1,1,,12,0.6215,27.85,0,7.5,
53,0,12,30,900,9560,3,0,59,8,1624,2.9631,0,0,0,,0,0.7515,9.56,0,3,
34,0,11,15,225,30300,7,0,36,12,1804,8.8149,0,1,1,,7,0.6215,30.3,0,7.5,
31,0,8,10,100,7720,7,0,31,10,2805,2.4955,0,1,1,,7,0.7815,7.72,0,7.5,
56,1,12,0,0,10550,7,0,59,8,2160,4.8843,0,0,0,,10,0.7515,10.55,0,7.5,
42,1,16,0,0,24106,7,0,55,15,2052,10.2,0,1,0,,12,0.6615,24.106,0,9.5,
32,1,12,4,16,22995,14,0,35,16,2250,10,0,2,0,,12,0.6615,22.995,0,9.5,
35,1,12,0,0,6000,12,0,37,12,1120,5.3571,0,3,1,,12,0.8015,6,0,9.5,
30,1,12,3,9,24350,14,0,36,14,2450,9.7959,0,1,1,,14,0.6615,24.35,0,9.5,
51,0,10,20,400,7608,7,0,50,11,3432,1.3741,0,0,0,,7,0.7715,7.608,0,7.5,
47,0,12,3,9,28200,7,0,48,12,2700,3.463,0,3,0,,7,0.7215,28.2,0,3,
54,0,12,1,1,16150,7,0,55,13,2817,5.0408,0,1,0,,3,0.7215,16.15,0,3,
31,1,15,5,25,51200,10,0,34,17,3000,16.667,0,0,3,,7,0.4415,51.2,0,7.5,
47,1,10,7,49,12646,7,0,45,11,2125,4.3294,0,0,0,,7,0.7515,12.646,0,5,
47,1,14,6,36,19000,7,0,42,16,1864,10.193,0,3,0,,7,0.6915,19,0,11,
40,1,12,2,4,19000,7,0,39,12,2400,7.5833,0,3,0,,7,0.7215,19,0,7.5,
48,0,8,0,0,14400,3,0,50,7,2160,4.1204,0,0,0,,3,0.7515,14.4,0,7.5,
34,1,8,10,100,7232,7,0,51,7,1040,4.8077,0,7,0,,3,0.9415,7.232,0,11,
38,1,12,6,36,21943,10,0,42,16,2450,3.1531,0,3,0,,7,0.7515,21.943,0,9.5,
32,1,12,4,16,47500,10,0,34,16,2500,19,0,3,1,,7,0.4615,47.5,0,7.5,
48,1,16,8,64,28900,7,0,45,17,2131,6.0535,0,1,0,,12,0.6215,28.9,0,7.5,
41,0,12,18,324,12400,7,0,46,7,2165,3.7875,0,2,0,,7,0.7715,12.4,0,7.5,
49,0,5,7,49,6531,0,0,43,3,2230,2.9287,0,2,0,,0,0.7815,6.531,0,7.5,
59,1,8,15,225,22422,7,0,55,12,1995,9.2972,0,0,0,,3,0.6915,22.422,0,11,
58,1,13,7,49,22200,7,0,57,16,2025,9.3827,0,0,0,,7,0.6615,22.2,0,11,
41,1,12,8,64,77000,14,0,48,15,2450,26.531,0,3,0,,7,0.4415,77,0,14,
45,1,12,8,64,88000,10,0,45,12,2160,40.509,0,2,0,,10,0.4415,88,0,14,
30,0,14,3,9,26040,10,0,32,17,1715,15.16,0,1,1,,12,0.6215,26.04,0,11,
41,1,12,10,100,63500,7,0,42,16,3018,18.964,0,1,0,,7,0.4415,63.5,0,7.5,
30,0,12,9,81,12100,10,0,33,16,2216,5.4152,0,0,2,,10,0.7515,12.1,0,7.5,
53,1,12,24,576,17505,7,0,54,12,2499,1.9988,0,1,0,,12,0.7515,17.505,0,7.5,
31,0,12,12,144,18000,7,0,37,14,2250,8,0,0,0,,10,0.6915,18,0,7.5,
43,1,14,2,4,28069,12,0,44,17,2116,11.153,0,2,0,,12,0.6615,28.069,0,11,
31,1,12,6,36,14000,14,0,30,14,2016,5.9524,0,1,1,,12,0.7515,14,0,14,
51,1,12,18,324,8117,3,0,60,10,2470,2.1194,0,0,0,,10,0.7515,8.117,0,7.5,
43,1,9,17,289,11895,7,0,45,12,1640,3.8384,0,0,0,,7,0.7715,11.895,0,5,
31,1,14,7,49,45250,16,0,34,16,2016,17.361,0,2,1,,16,0.4915,45.25,0,5,
48,1,11,6,36,31106,10,0,48,12,2185,8.0092,0,0,0,,7,0.6915,31.106,0,9.5,
31,1,12,10,100,4000,7,0,33,14,800,3,0,1,1,,12,0.8015,4,0,9.5,
44,1,12,5,25,40500,7,0,46,12,3022,10.589,0,1,0,,7,0.5815,40.5,0,7.5,
48,1,11,7,49,21620,7,0,50,14,1512,10.913,0,1,0,,10,0.7215,21.62,0,7.5,
53,1,12,11,121,23426,0,0,53,12,2677,5.6033,0,1,0,,0,0.7215,23.426,0,7.5,
42,1,10,14,196,26000,3,0,44,12,3150,7.9365,0,3,0,,3,0.6615,26,2.75,11,
39,1,12,5,25,7840,0,0,34,12,1430,2.9476,0,6,2,,7,0.9415,7.84,0,9.5,
32,0,10,2,4,6800,3,0,36,4,3307,2.0562,0,2,1,,7,0.7915,6.8,0,7.5,
36,0,12,4,16,5330,12,0,39,12,3120,1.3013,0,2,0,,7,0.7915,5.33,0,14,
40,1,13,5,25,28200,10,0,43,16,3020,9.2715,0,2,0,,10,0.6215,28.2,0,9.5,
31,0,12,14,196,10000,12,0,33,12,2056,4.8638,0,3,2,,12,0.7715,10,0,7.5,
43,0,12,4,16,9952,3,0,43,12,2383,1.0898,0,0,0,,10,0.7515,9.952,0,7.5,
60,1,12,15,225,24984,12,0,55,8,1705,12.44,0,0,0,,12,0.6215,24.984,0,14,
39,1,9,12,144,28363,7,0,48,12,3120,6.0897,0,3,0,,7,0.6915,28.363,0,11,
